COUNTY,TX_SIGNED_HIGHWAY_RDBD_ID,TX_CONDITION_SCORE,TX_DISTRESS_SCORE,TX_RIDE_SCORE,TX_AADT_CURRENT,TX_MAINTENANCE_COST_AMT
Anderson,SH0155 K,76.71,98.38,2.95,10937.71,161.73
Anderson,SL0256 K,57.0,100.0,2.22,12919.45,0.07
Anderson,US0079 A,100.0,100.0,3.05,499.0,175.29
Anderson,US0079 K,83.79,94.97,3.18,10265.42,518.68
Anderson,US0079 L,96.19,100.0,3.32,4784.25,1222.03
Anderson,US0079 R,92.68,97.73,3.41,4729.55,1342.71
Anderson,US0079 X,100.0,100.0,3.09,499.0,50.0
Anderson,US0287 K,100.0,100.0,3.2,2909.0,120.0
Angelina,BU0059GL,0.44,100.0,0.01,3905.48,13.21
Angelina,BU0059GR,59.41,100.0,2.51,3419.86,26.28
Angelina,BU0069JK,14.0,100.0,1.0,2340.0,67.5
Angelina,BU0069JL,71.57,99.9,2.18,1526.78,1274.8
Angelina,BU0069JR,54.34,92.6,1.82,1579.6,119.07
Angelina,FM1877 K,100.0,100.0,2.73,404.0,15.0
Angelina,FM2021 K,58.0,100.0,2.0,669.0,28.0
Angelina,FM3521 K,99.5,100.0,2.7,655.0,84.03
Angelina,SH0094 K,49.97,100.0,1.83,3324.89,1557.01
Angelina,SH0103 L,25.67,100.0,1.75,8541.0,78.5
Angelina,SH0103 R,19.67,100.0,0.83,8541.0,78.5
Angelina,SH0147 K,53.0,100.0,1.9,1189.0,8016.0
Angelina,SL0210 K,37.45,73.62,1.84,2318.26,0.0
Angelina,SL0287 L,89.58,100.0,3.08,16068.55,14158.27
Angelina,SL0287 R,76.52,97.96,2.8,16068.55,14158.27
Angelina,SL0287 X,82.5,100.0,2.71,2206.0,7512.0
Angelina,US0059 A,98.03,99.91,3.28,5002.51,7678.71
Angelina,US0059 K,99.91,100.0,4.14,33113.29,18008.01
Angelina,US0059 L,96.09,99.88,3.64,16605.41,6015.36
Angelina,US0059 R,85.59,98.92,3.29,16832.93,6042.25
Angelina,US0059 X,96.33,96.71,3.32,2220.75,5229.4
Angelina,US0069 A,79.67,99.97,2.55,2983.48,859.25
Angelina,US0069 L,89.2,99.44,3.05,6937.15,1103.44
Angelina,US0069 R,93.49,97.94,3.23,6928.98,1289.17
Angelina,US0069 X,81.0,99.77,2.56,2993.48,860.11
Aransas,SH0035 K,,,3.07,7255.5,191.96
Archer,SH0079 K,45.8,69.35,2.7,4781.9,430.15
Austin,IH0010 A,85.78,85.91,3.85,792.78,44.21
Austin,IH0010 L,95.18,95.18,3.94,25369.13,12.74
Austin,IH0010 R,93.63,93.63,3.97,25150.23,13.81
Austin,IH0010 X,96.75,96.75,4.13,1389.0,17.23
Bailey,US0084 K,12.0,87.25,1.43,9079.0,101.0
Baylor,US0183 K,90.0,100.0,3.0,7916.67,51.33
Bell,FM0935 K,34.51,100.0,1.52,1142.78,266.24
Bell,FM1237 K,79.5,100.0,2.36,1973.0,1351.0
Bell,FM1741 K,46.15,100.0,2.25,31491.76,98.07
Bell,FM1741 L,49.6,100.0,2.33,16093.71,36.74
Bell,FM2115 K,60.06,100.0,2.01,575.72,1.0
Bell,FM2268 K,48.34,100.0,1.76,1233.24,
Bell,FM2670 K,61.89,100.0,2.06,1129.52,67.5
Bell,FM3481 K,,,3.03,3932.0,
Bell,IH0035 A,92.82,94.67,3.62,3669.94,2890.63
Bell,IH0035 L,98.18,98.23,4.04,34215.52,2719.78
Bell,IH0035 R,99.32,99.49,4.06,34071.06,2719.05
Bell,IH0035 X,93.78,95.53,3.58,3792.48,3063.49
Bell,SH0036 A,78.4,95.15,2.87,7836.52,181.0
Bell,SH0036 K,100.0,100.0,3.52,10593.3,12641.17
Bell,SH0036 X,100.0,100.0,3.3,7398.0,424.67
Bell,SH0053 K,64.86,100.0,2.59,9531.86,76.14
Bell,SH0095 K,,,2.58,5782.0,13.0
Bell,SL0363 A,100.0,100.0,3.94,499.0,67.86
Bell,SL0363 K,99.85,100.0,3.74,15409.43,2632.02
Bell,SL0363 L,100.0,100.0,3.69,6978.11,79.59
Bell,SL0363 R,99.03,99.03,3.76,6950.8,81.54
Bell,SL0363 X,98.9,99.14,3.74,499.0,61.68
Bell,SS0290 K,95.0,100.0,3.1,6415.0,58.0
Bell,SS0290 L,100.0,100.0,2.85,3208.0,71.0
Bell,SS0290 R,99.5,99.5,3.62,3228.74,37772.78
Bexar,FM1535 L,53.0,100.0,2.4,12720.0,4.0
Bexar,FM1535 R,,,2.9,12720.0,4.0
Bexar,IH0010 A,88.25,100.0,3.68,3614.25,10.75
Bexar,IH0010 L,83.54,94.29,3.29,77121.13,1009.32
Bexar,IH0010 R,89.41,94.87,3.49,74660.63,994.08
Bexar,IH0010 X,29.0,100.0,1.89,8977.0,490.0
Bexar,IH0035 L,64.39,78.37,3.23,74682.05,1254.41
Bexar,IH0035 R,54.08,73.22,2.93,76154.06,1555.12
Bexar,IH0037 A,28.69,100.0,1.77,6219.56,1914.61
Bexar,IH0410 L,75.75,86.56,3.38,77123.5,2474.59
Bexar,IH0410 R,85.34,93.87,3.27,81137.76,2768.73
Bexar,PA1502 L,63.0,100.0,2.55,24489.0,
Bexar,SL0345 K,35.0,97.0,2.05,19331.0,
Bexar,SL1604 L,95.58,95.58,4.2,30215.6,588.05
Bexar,SL1604 R,85.58,100.0,3.38,29385.0,586.41
Bexar,US0281 L,89.15,100.0,3.37,46193.77,615.6
Bexar,US0281 R,99.36,100.0,3.88,45729.7,686.05
Bowie,FM0558 K,95.5,95.5,2.92,2767.5,981.5
Bowie,FM0559 K,72.68,87.55,2.93,18607.84,1370.67
Bowie,FM0559 L,20.29,99.65,1.63,14496.08,428.83
Bowie,FM0559 R,5.51,95.79,1.01,14501.37,478.09
Bowie,FM0989 K,89.89,100.0,3.0,4006.85,1.58
Bowie,FM1397 K,60.61,85.55,2.71,13308.2,928.87
Bowie,FM1840 K,38.3,100.0,1.59,2204.13,935.68
Bowie,FM2253 K,99.67,99.83,3.09,2650.53,1941.1
Bowie,FM2878 K,81.15,100.0,2.57,2973.68,101.28
Bowie,IH0030 A,92.81,98.57,3.21,10601.74,1316.26
Bowie,IH0030 L,0.0,0.0,4.0,8302.32,586.48
Bowie,IH0030 R,0.0,0.0,4.05,8299.75,586.48
Bowie,IH0030 X,90.07,97.93,2.98,4528.12,2187.0
Bowie,IH0369 A,29.25,94.5,1.88,6967.75,5280.5
Bowie,IH0369 L,69.9,91.97,2.79,13370.92,976.28
Bowie,IH0369 R,68.23,84.55,2.98,13628.63,1490.88
Bowie,IH0369 X,34.5,100.0,1.97,6271.0,
Bowie,SH0093 K,75.46,97.75,2.85,7801.55,1855.95
Bowie,SH0093 L,58.42,100.0,2.41,8765.35,46.25
Bowie,SH0093 R,13.0,95.83,1.37,8765.5,45.6
Bowie,SH0098 K,52.25,100.0,1.87,1267.5,21.75
Bowie,SL0014 K,34.25,96.5,2.0,13557.0,902.5
Bowie,SL0151 A,88.13,96.67,3.08,768.31,3266.99
Bowie,SL0151 L,85.34,85.7,3.67,5754.78,906.44
Bowie,SL0151 R,84.19,85.82,3.64,5749.89,894.94
Bowie,SL0151 X,84.92,86.27,3.34,851.41,1724.37
Bowie,SS0594 K,89.02,100.0,2.69,2507.13,307.38
Bowie,US0059 K,62.77,63.82,3.42,23584.86,7581.14
Bowie,US0059 L,73.9,75.37,3.72,8762.24,2374.66
Bowie,US0059 R,68.58,71.48,3.49,8799.27,2400.34
Bowie,US0067 K,69.01,85.67,2.91,14635.09,2287.7
Bowie,US0067 L,14.69,30.61,2.59,9169.39,418.84
Bowie,US0067 R,12.56,54.57,1.61,9372.67,8638.99
Bowie,US0071 K,3.99,11.63,2.0,27993.95,4493.0
Bowie,US0071 L,27.56,99.85,1.86,18273.09,773.63
Bowie,US0071 R,54.81,96.54,2.46,13714.16,770.06
Bowie,US0082 K,75.59,80.31,3.74,9287.21,4377.51
Bowie,US0082 L,2.0,10.25,0.8,4075.0,3477.75
Bowie,US0082 R,2.94,4.58,2.52,4188.89,2518.25
Brazoria,BS0288BA,67.66,95.67,1.93,1060.12,69.1
Brazoria,BS0288BK,90.0,100.0,3.0,22250.0,121.0
Brazoria,BS0288BL,52.02,57.39,3.25,7265.88,476.9
Brazoria,BS0288BR,41.15,51.73,3.06,7448.87,689.34
Brazoria,FM0518 K,46.75,99.99,1.88,25019.38,3.12
Brazoria,FM0518 L,85.1,96.02,2.91,13164.76,75.0
Brazoria,FM0518 R,91.12,97.06,3.87,13164.76,75.0
Brazoria,FM0523 K,81.2,97.48,3.1,4155.96,507.81
Brazoria,FM0523 L,54.84,73.83,2.61,3549.95,2231.11
Brazoria,FM0523 R,60.17,72.57,2.78,3624.79,2107.6
Brazoria,FM0528 K,91.48,93.56,3.76,17392.24,3068.72
Brazoria,FM0865 K,91.11,100.0,3.04,14100.0,0.0
Brazoria,FM0865 L,61.35,99.45,2.36,10271.5,336.35
Brazoria,FM0865 R,85.73,97.64,3.01,10203.85,558.5
Brazoria,FM1495 K,72.78,100.0,2.39,2429.63,6907.39
Brazoria,FM2004 K,94.92,97.1,3.8,8517.09,488.5
Brazoria,FM2004 L,98.36,99.51,3.78,5246.28,650.72
Brazoria,FM2004 R,94.85,100.0,3.27,4993.71,643.49
Brazoria,FM2234 K,87.53,97.75,3.04,29694.86,7.03
Brazoria,FM2234 L,97.5,98.68,3.4,15552.01,25.52
Brazoria,FM2234 R,98.26,98.29,3.61,15552.63,25.52
Brazoria,SH0006 K,88.19,91.09,3.47,21272.75,3103.06
Brazoria,SH0006 L,81.77,92.2,3.11,14650.7,1768.01
Brazoria,SH0006 R,78.79,88.96,3.11,14671.56,1754.82
Brazoria,SH0035 A,45.51,74.26,2.29,6631.49,2440.54
Brazoria,SH0035 K,70.43,93.23,2.95,14896.39,2604.33
Brazoria,SH0035 L,44.39,57.87,2.87,11084.21,2368.44
Brazoria,SH0035 R,35.49,45.47,2.9,11062.43,2180.29
Brazoria,SH0035 X,44.09,66.95,2.35,7199.75,2699.3
Brazoria,SH0036 K,51.52,55.8,3.31,7066.91,1415.08
Brazoria,SH0036 L,86.19,91.95,3.3,3595.68,1274.32
Brazoria,SH0036 R,61.42,68.75,2.92,3619.69,1248.51
Brazoria,SH0288 A,80.09,86.4,3.13,5649.13,851.42
Brazoria,SH0288 K,32.61,53.02,2.52,24656.78,5707.5
Brazoria,SH0288 L,74.35,77.16,3.43,13785.92,1153.64
Brazoria,SH0288 R,71.15,73.65,3.42,13637.88,1125.32
Brazoria,SH0288 X,83.53,89.14,3.14,4375.52,881.26
Brazoria,SH0332 A,84.78,96.71,2.72,107.25,4067.22
Brazoria,SH0332 K,78.37,82.23,3.41,12771.85,1137.7
Brazoria,SH0332 L,60.76,84.59,2.77,9634.04,2066.82
Brazoria,SH0332 R,57.59,84.11,2.68,9235.37,2143.66
Brazoria,SL0274 K,91.0,100.0,3.06,11633.69,9.2
Brazos,BS0006RL,88.45,92.62,3.36,23532.31,4055.92
Brazos,BS0006RR,88.31,90.88,3.48,23532.31,4055.92
Brazos,FM0158 K,15.4,98.4,1.19,9974.02,22.9
Brazos,FM1179 K,60.75,100.0,2.42,25567.5,679.5
Brazos,FM1179 L,53.15,100.0,2.15,13303.63,1099.23
Brazos,FM1179 R,53.54,100.0,2.39,13298.5,1085.94
Brazos,FM2154 A,,100.0,3.25,5123.0,270.0
Brazos,FM2154 L,100.0,100.0,3.74,19104.0,1806.5
Brazos,FM2154 R,98.67,98.67,3.73,19104.0,1806.5
Brazos,FM2347 K,86.17,91.5,3.2,17066.67,1355.0
Brazos,FM2347 L,66.15,89.09,2.71,11269.3,2491.09
Brazos,FM2347 R,59.49,82.91,2.64,11270.65,2490.84
Brazos,FM2818 A,65.19,100.0,2.36,7550.16,488.2
Brazos,FM2818 K,100.0,100.0,3.56,13020.52,3523.24
Brazos,FM2818 L,99.52,99.52,3.59,14595.5,1893.98
Brazos,FM2818 R,98.75,100.0,3.38,16606.12,1662.5
Brazos,SH0006 A,98.61,98.7,3.3,1145.41,1494.85
Brazos,SH0006 L,74.48,74.64,3.91,13908.86,1216.62
Brazos,SH0006 R,74.95,75.28,3.81,13897.51,1220.79
Brazos,SH0006 X,96.65,98.31,3.47,146.46,1098.65
Brazos,SH0021 L,70.63,89.94,2.77,10229.55,847.9
Brazos,SH0021 R,63.04,89.51,2.65,10243.04,850.5
Brazos,SH0030 K,32.0,67.33,2.05,18591.33,135.0
Brazos,SH0105 K,,,3.93,5735.0,52.0
Brazos,SH0308 K,1.0,76.5,0.3,11259.75,61.0
Brazos,US0190 L,0.0,0.0,3.12,5606.88,
Brazos,US0190 R,0.0,0.0,2.94,5606.88,
Brooks,FM0755 K,80.99,100.0,2.35,1209.48,0.1
Brooks,US0281 L,48.49,100.0,2.28,6929.76,946.26
Burleson,FM0975 K,1.0,100.0,0.1,2266.0,543.0
Burnet,SH0029 L,96.0,97.0,3.14,2912.5,1792.0
Burnet,SH0029 R,94.0,100.0,3.01,2912.5,1792.0
Calhoun,SH0035 L,,,3.6,7386.0,342.18
Calhoun,SH0035 R,,,3.74,7386.0,342.18
Callahan,SH0206 K,65.0,100.0,2.6,3135.0,8627.0
Cameron,FM0313 K,1.0,100.0,0.6,12850.0,3.0
Cameron,FM0509 K,0.0,0.0,2.59,2100.0,
Cameron,IH0002 L,,,2.83,26339.5,932.5
Cameron,IH0069EA,100.0,100.0,2.92,3212.2,159.91
Cameron,IH0069EL,83.12,99.25,2.96,16978.4,113.44
Cameron,IH0069ER,75.12,90.88,3.01,17447.25,93.45
Cameron,IH0069EX,33.0,99.0,1.5,3551.0,0.0
Cameron,IH0169 L,80.81,97.44,2.72,3415.81,
Cameron,IH0169 R,99.83,100.0,3.02,1565.0,
Cameron,IH0169 X,28.0,100.0,1.86,8405.0,
Cameron,PR0100 L,62.0,100.0,2.87,9523.5,365.43
Cameron,PR0100 R,,,2.86,9523.5,365.43
Cameron,SH0004 K,0.57,67.35,0.16,15019.95,1.79
Cameron,SH0004 L,7.9,77.3,0.78,15345.4,262.32
Cameron,SH0004 R,39.85,77.05,1.76,15345.4,262.32
Cameron,SH0048 K,63.01,97.97,2.58,22515.12,1134.59
Cameron,SH0550 L,34.26,100.0,1.45,8237.18,0.0
Cameron,SH0550 R,36.86,100.0,1.75,8241.87,0.0
Cameron,SS0425 K,1.0,100.0,0.5,12057.67,
Cameron,US0077 A,65.0,100.0,2.1,3370.0,0.0
Cameron,US0077 L,74.27,90.91,2.61,22469.55,354.36
Cameron,US0077 R,67.55,90.91,2.37,22469.55,354.36
Cameron,US0077 X,84.86,95.29,2.91,2082.14,138.21
Camp,FM3535 K,0.0,100.0,0.0,1000.0,
Camp,SL0255 K,100.0,100.0,2.9,879.23,
Carson,IH0040 L,86.88,88.16,4.13,6573.57,1707.16
Carson,IH0040 R,73.12,78.82,3.54,6846.89,2051.79
Cass,FM0248 K,100.0,100.0,3.61,232.5,
Cass,FM0249 K,56.11,94.81,2.48,6365.56,68.61
Cass,FM0250 K,3.41,91.96,0.32,4203.7,224.23
Cass,FM1841 K,14.0,100.0,0.9,763.0,8.67
Cass,FM2683 K,4.0,33.0,0.5,303.0,
Cass,FM3129 K,30.21,82.82,1.33,4200.88,3.97
Cass,SH0011 K,47.15,70.44,2.67,6648.15,5666.0
Cass,SH0155 K,92.0,100.0,3.04,3134.0,49.0
Cass,US0059 K,86.32,89.73,3.58,11866.23,4912.07
Cass,US0059 L,92.28,93.75,4.22,4820.66,2901.1
Cass,US0059 R,85.46,90.45,3.82,4856.55,2884.57
Cass,US0059 X,100.0,100.0,2.72,99.0,7530.0
Cass,US0067 K,0.0,0.0,3.0,1166.67,365.5
Chambers,FM0565 K,94.67,100.0,3.33,7545.0,14162.33
Chambers,FM0565 L,51.31,100.0,1.78,4213.64,9422.96
Chambers,FM0565 R,72.91,98.77,2.73,4213.31,9428.96
Chambers,FM1405 K,86.08,99.06,3.16,7346.75,3238.64
Chambers,FM1405 L,94.33,100.0,3.13,4721.67,2263.0
Chambers,FM1663 L,28.82,56.68,2.26,4817.18,1853.4
Chambers,FM1663 R,39.72,75.28,2.42,4817.24,1854.11
Chambers,FM1942 K,1.0,100.0,0.1,7622.0,0.0
Chambers,FM2354 K,9.0,100.0,0.8,2519.0,3.0
Chambers,FM3180 K,15.0,76.0,1.62,13541.0,
Chambers,IH0010 A,66.47,85.91,2.24,1051.33,2147.63
Chambers,IH0010 L,96.23,97.11,3.76,23338.39,1374.6
Chambers,IH0010 R,95.88,97.04,3.89,23279.86,1375.63
Chambers,IH0010 X,75.73,90.63,2.5,668.22,2004.86
Chambers,SH0073 L,46.37,90.48,1.9,3233.87,7.87
Chambers,SH0073 R,59.34,86.86,2.55,3233.75,7.47
Chambers,SH0073 X,0.14,0.22,3.3,1294.7,649.78
Chambers,SH0099 A,63.78,100.0,2.42,188.4,1.56
Chambers,SH0099 K,60.29,82.24,2.72,10546.81,4813.14
Chambers,SH0099 L,57.58,99.93,2.51,6768.16,5.15
Chambers,SH0099 R,17.43,99.88,0.72,6688.58,5.14
Chambers,SH0099 X,51.27,100.0,1.97,143.44,0.79
Chambers,SH0124 L,55.48,80.52,2.68,4845.04,1241.99
Chambers,SH0124 R,51.64,67.87,2.74,5161.71,1309.93
Chambers,SH0146 K,72.86,92.24,2.94,21817.36,7113.4
Chambers,SH0146 L,41.12,99.84,2.16,21769.32,948.77
Chambers,SH0146 R,35.06,98.13,2.05,21755.46,938.76
Chambers,SS0055 K,57.37,73.81,2.88,5737.11,0.0
Cherokee,US0084 K,,,3.61,1145.0,2478.0
Cherokee,US0175 K,82.47,100.0,2.88,5575.12,479.19
Childress,SL0328 K,81.72,84.67,2.31,106.7,44.72
Childress,SS0328 K,51.16,51.51,2.06,172.6,0.0
Childress,US0062 K,95.67,97.6,3.48,6245.73,321.27
Childress,US0287 K,39.12,82.65,2.32,14660.5,3253.15
Childress,US0287 L,77.24,93.79,2.98,5820.12,1051.53
Childress,US0287 R,46.56,74.06,2.53,8329.56,1739.76
Clay,SH0148 K,70.2,85.53,3.05,1280.8,318.4
Clay,SH0148 L,30.45,93.61,1.03,590.84,4.0
Clay,SH0148 R,26.34,83.21,0.62,590.84,4.0
Clay,US0082 L,96.96,98.56,3.88,11182.75,1161.6
Clay,US0082 R,97.27,97.69,3.75,8531.34,891.46
Clay,US0082 X,72.54,100.0,2.38,126.75,1132.55
Clay,US0287 K,56.0,56.0,4.5,14800.0,11.0
Clay,US0287 L,92.13,92.15,3.98,8006.36,849.77
Clay,US0287 R,47.5,58.07,2.54,7189.87,2314.31
Collin,BS0078EK,74.74,91.87,2.4,3125.71,943.35
Collin,BS0078EL,0.0,100.0,0.0,1695.33,1.0
Collin,BS0078ER,0.0,100.0,0.0,1695.33,1.0
Collin,BS0078GK,95.0,100.0,2.13,830.33,55.0
Collin,FM0006 K,53.75,100.0,2.4,7674.0,307.75
Collin,FM0075 K,39.7,98.85,1.65,3868.2,8506.57
Collin,FM0455 K,92.34,100.0,3.29,11015.8,1057.4
Collin,FM0455 L,95.31,97.98,3.31,3906.0,216.54
Collin,FM0455 R,93.97,98.4,3.09,3906.0,216.38
Collin,FM0543 K,84.0,100.0,2.4,2063.0,0.0
Collin,FM0544 K,72.26,98.18,2.81,16064.85,8054.33
Collin,FM0544 L,53.55,94.45,2.19,17170.56,406.2
Collin,FM0544 R,66.72,95.38,2.59,17170.5,406.19
Collin,FM0546 K,55.64,70.01,2.81,13268.07,1915.73
Collin,FM0546 L,75.54,87.36,2.94,9292.81,911.1
Collin,FM0546 R,74.84,88.59,2.86,9300.73,917.34
Collin,FM0982 K,52.94,83.62,2.04,8398.08,31.1
Collin,FM2170 K,69.32,99.93,2.68,19006.82,126.88
Collin,FM2170 L,47.83,100.0,1.67,13000.0,337.83
Collin,FM2170 R,91.73,100.0,3.05,13000.0,324.0
Collin,FM2478 K,96.33,100.0,3.15,3600.0,
Collin,FM2478 L,88.07,92.77,3.46,10387.2,437.8
Collin,FM2478 R,70.51,92.8,3.09,10392.92,440.25
Collin,FM2514 K,88.36,92.24,3.59,12016.06,7735.37
Collin,FM2514 L,89.57,91.91,3.25,7326.14,4037.83
Collin,FM2514 R,91.53,95.76,3.34,7325.8,4038.78
Collin,FM2551 K,88.19,98.1,3.09,12139.38,230.69
Collin,FM2551 L,78.26,88.05,3.01,5117.83,915.7
Collin,FM2551 R,84.56,94.91,3.02,5221.67,912.64
Collin,FM2786 K,71.04,75.05,3.23,17730.04,323.56
Collin,FM2933 K,100.0,100.0,3.53,2551.25,186.75
Collin,FM2934 L,57.46,100.0,2.45,17210.0,1.0
Collin,FM2934 R,8.71,75.96,1.31,17206.51,1.0
Collin,FM3038 K,98.41,99.85,3.31,17320.0,0.0
Collin,FM3038 L,86.19,91.36,3.19,12708.35,1419.95
Collin,FM3038 R,79.93,88.31,3.06,12708.35,1419.95
Collin,FM3286 K,99.0,100.0,3.43,6994.2,1368.4
Collin,FM3412 K,0.0,0.0,2.1,5500.0,
Collin,FM3537 K,96.43,97.02,3.89,20206.39,
Collin,FM3537 L,95.46,96.02,3.92,10834.08,
Collin,FM3537 R,90.68,91.63,3.77,10770.13,
Collin,SH0005 K,82.17,100.0,3.16,10209.21,825.14
Collin,SH0005 L,75.29,99.41,2.89,6099.05,240.73
Collin,SH0005 R,82.11,98.93,3.11,6076.88,242.26
Collin,SH0078 K,81.95,96.05,3.06,15675.29,356.85
Collin,SH0078 L,78.6,92.5,3.02,12044.41,294.93
Collin,SH0078 R,83.16,95.17,3.09,12044.49,294.62
Collin,SH0121 A,94.6,97.6,3.6,16080.54,38.0
Collin,SH0121 K,95.26,96.07,3.79,17927.01,1541.67
Collin,SH0121 L,97.88,99.32,3.63,20760.71,45.37
Collin,SH0121 R,94.93,99.93,3.54,20757.3,43.09
Collin,SH0121 X,93.54,97.05,3.62,22379.95,32.15
Collin,SH0190 A,85.84,99.85,2.72,5723.34,14.57
Collin,SH0190 L,96.01,99.96,3.62,16061.32,13.08
Collin,SH0190 R,96.93,99.99,3.72,16066.61,13.08
Collin,SH0190 X,88.44,99.84,3.06,5398.37,14.57
Collin,SH0205 K,10.0,100.0,0.85,15343.5,57.0
Collin,SH0289 A,84.33,100.0,2.98,22795.67,2613.0
Collin,SH0289 K,89.82,96.27,3.57,15689.17,149.79
Collin,SH0289 L,72.49,87.89,3.1,18480.2,452.21
Collin,SH0289 R,74.4,86.82,3.12,18478.9,452.2
Collin,SS0033 K,12.34,98.22,0.66,5763.77,0.0
Collin,SS0359 L,10.57,85.39,0.57,9292.61,1.46
Collin,SS0359 R,53.89,91.16,2.26,9404.56,1.37
Collin,SS0399 A,73.13,87.83,2.78,5463.13,0.0
Collin,SS0399 L,99.97,99.98,3.56,12096.48,0.0
Collin,SS0399 R,99.72,99.98,3.46,12101.37,0.0
Collin,SS0399 X,99.69,99.69,3.4,136.04,0.0
Collin,US0075 A,76.2,86.45,3.05,9372.43,507.65
Collin,US0075 L,87.06,90.97,3.54,64368.8,744.33
Collin,US0075 R,83.04,89.02,3.42,64440.47,748.84
Collin,US0075 X,75.26,87.52,3.0,10629.24,511.95
Collin,US0380 K,93.85,95.79,3.48,20628.35,1586.93
Collin,US0380 L,74.68,80.49,3.18,16065.04,2193.5
Collin,US0380 R,74.03,80.48,3.23,16021.04,2183.75
Colorado,IH0010 R,99.0,100.0,3.25,19916.0,220.0
Colorado,SH0071 R,74.34,86.11,3.1,4485.5,804.06
Comal,FM0306 L,59.36,99.55,2.56,8845.99,1395.9
Comal,FM0306 R,73.29,93.95,2.89,8848.39,1398.28
Comal,IH0035 L,100.0,100.0,3.99,56459.0,3246.0
Comal,IH0035 R,100.0,100.0,3.95,56459.0,3155.0
Concho,US0083 K,78.5,99.83,3.02,3474.17,113.67
Concho,US0083 L,100.0,100.0,3.63,2202.67,51.67
Concho,US0083 R,25.0,100.0,1.3,2153.0,57.0
Cooke,FM0051 L,12.62,36.85,1.42,7083.71,394.77
Cooke,FM0051 R,11.81,28.23,1.8,7035.36,316.98
Cooke,FM0372 K,22.0,100.0,1.71,8475.0,41.0
Cooke,FM3002 K,,,2.66,2672.0,99.0
Cooke,IH0035 A,39.28,46.02,2.6,4416.12,668.22
Cooke,IH0035 L,94.51,97.7,3.38,18363.13,1061.35
Cooke,IH0035 R,92.38,93.31,3.69,18390.35,1071.97
Cooke,IH0035 X,34.87,39.38,2.51,3742.83,727.24
Cooke,US0082 L,31.27,69.7,1.88,8397.32,1485.15
Cooke,US0082 R,30.79,64.14,2.11,12344.54,2123.49
Coryell,BU0190EK,43.75,100.0,2.2,10385.25,14.25
Coryell,SH0009 L,100.0,100.0,4.31,20207.0,0.0
Coryell,SH0009 R,100.0,100.0,4.36,20207.0,0.0
Coryell,US0190 K,33.25,69.75,2.12,16368.25,
Culberson,IH0010 L,100.0,100.0,3.48,7672.0,1368.0
Dallam,US0054 K,64.8,100.0,2.51,5862.51,8142.53
Dallam,US0087 K,86.61,95.5,3.03,14951.95,4582.62
Dallam,US0087 L,23.33,59.47,1.74,6002.59,1575.15
Dallam,US0087 R,8.83,49.62,0.96,6000.56,1613.13
Dallas,BI0045JK,75.96,99.99,2.64,3106.35,12.71
Dallas,BS0066DK,42.09,100.0,2.18,5009.09,225.36
Dallas,BS0066DL,0.0,100.0,0.0,3800.0,113.0
Dallas,BS0066DR,0.0,100.0,0.0,3800.0,113.0
Dallas,BS0121HL,66.9,100.0,2.27,44617.28,1173.72
Dallas,BS0121HR,35.26,87.28,1.59,44300.98,1173.72
Dallas,FM1382 K,67.14,98.78,2.42,29130.13,799.87
Dallas,FM1382 L,82.31,94.78,3.02,11025.97,2491.61
Dallas,FM1382 R,80.56,92.45,2.99,10987.73,2510.85
Dallas,IH0020 A,72.63,88.24,2.59,1996.01,2618.54
Dallas,IH0020 L,71.78,78.03,3.23,40514.92,1380.35
Dallas,IH0020 R,75.88,83.55,3.18,41165.7,1400.01
Dallas,IH0020 X,70.49,86.56,2.64,2428.49,2903.12
Dallas,IH0030 A,59.78,83.49,2.35,5748.99,2305.03
Dallas,IH0030 L,88.04,93.06,3.35,64129.62,2176.38
Dallas,IH0030 R,86.21,92.55,3.28,64539.09,2173.31
Dallas,IH0030 X,58.57,81.62,2.38,6120.53,1976.01
Dallas,IH0035EA,61.35,82.07,2.37,5878.5,1656.64
Dallas,IH0035EL,75.29,84.29,3.19,55667.83,1603.46
Dallas,IH0035ER,78.23,87.24,3.22,55941.67,1736.71
Dallas,IH0035EX,59.27,77.54,2.35,5626.27,1881.27
Dallas,IH0045 A,46.9,65.97,2.38,3244.19,3196.83
Dallas,IH0045 L,78.42,88.65,3.14,31467.91,2490.32
Dallas,IH0045 R,81.92,90.58,3.26,31341.85,2493.58
Dallas,IH0045 X,48.76,72.05,2.06,3547.79,2965.11
Dallas,IH0345 A,14.25,80.86,0.98,5717.56,1910.88
Dallas,IH0345 L,39.9,89.19,1.96,81253.91,3395.99
Dallas,IH0345 R,31.58,82.97,1.67,80837.49,3209.5
Dallas,IH0345 X,7.84,70.08,0.96,9019.99,3493.36
Dallas,IH0635 A,43.49,71.74,2.11,9206.05,2850.65
Dallas,IH0635 L,76.93,85.0,3.24,85329.59,3292.78
Dallas,IH0635 R,77.94,86.99,3.22,84913.4,3307.74
Dallas,IH0635 X,42.89,73.61,2.09,9899.19,2850.66
Dallas,PA1811 L,1.38,82.14,0.12,8670.34,0.0
Dallas,PA1811 R,4.57,96.39,0.32,8678.46,0.0
Dallas,SH0066 K,60.32,97.26,2.48,18639.44,4621.26
Dallas,SH0066 L,13.7,95.19,0.66,9606.83,106.7
Dallas,SH0066 R,9.38,72.54,1.1,9502.72,106.69
Dallas,SH0078 K,96.2,100.0,3.41,14625.29,123.92
Dallas,SH0078 L,54.0,72.2,2.64,14710.53,1717.34
Dallas,SH0078 R,61.19,72.53,2.91,14642.67,1696.87
Dallas,SH0114 A,69.14,86.07,2.64,5881.87,2305.04
Dallas,SH0114 L,80.05,91.3,3.21,38610.98,1511.68
Dallas,SH0114 R,80.46,89.24,3.27,40185.44,1803.46
Dallas,SH0114 X,70.48,93.17,2.58,5907.58,2271.82
Dallas,SH0121 A,77.56,94.76,2.75,9233.19,4.73
Dallas,SH0121 K,99.42,100.0,3.71,48750.0,33.33
Dallas,SH0121 L,82.98,94.72,3.21,42265.76,122.86
Dallas,SH0121 R,80.01,94.95,3.06,42727.07,118.47
Dallas,SH0121 X,72.67,89.59,2.75,8443.3,258.31
Dallas,SH0161 A,50.13,85.57,2.19,12475.94,7680.28
Dallas,SH0161 L,57.24,89.2,2.55,26427.85,1598.5
Dallas,SH0161 R,72.05,94.26,2.88,27318.43,1690.79
Dallas,SH0161 X,24.13,71.21,1.67,16654.63,7709.08
Dallas,SH0180 K,3.01,57.24,0.78,8824.71,4086.19
Dallas,SH0180 L,64.91,86.49,2.55,9607.27,1429.11
Dallas,SH0180 R,31.26,84.09,1.73,8617.89,694.49
Dallas,SH0183 A,50.69,88.3,2.18,7628.25,2169.17
Dallas,SH0183 L,75.38,90.1,3.01,68257.61,2119.23
Dallas,SH0183 R,79.23,92.0,2.99,67883.06,2634.59
Dallas,SH0183 X,34.0,74.06,2.17,13346.09,1248.88
Dallas,SH0190 A,40.77,99.77,1.13,363.0,67.42
Dallas,SH0190 L,10.63,86.02,0.81,38363.99,4.8
Dallas,SH0190 R,64.98,100.0,2.22,38363.99,4.8
Dallas,SH0190 X,3.38,99.54,0.12,389.27,67.61
Dallas,SH0289 K,64.19,80.3,2.39,50977.27,569.62
Dallas,SH0289 L,33.16,50.27,2.51,22480.78,3162.74
Dallas,SH0289 R,29.55,50.18,2.37,22430.95,3090.81
Dallas,SH0310 A,18.72,90.76,0.7,959.19,551.85
Dallas,SH0310 L,12.92,15.18,0.55,4386.82,1962.85
Dallas,SH0310 R,16.81,18.73,3.89,4383.2,1461.15
Dallas,SH0310 X,25.82,99.89,0.76,1544.64,375.15
Dallas,SH0342 K,61.44,84.18,2.67,8071.53,4849.29
Dallas,SH0342 L,12.09,21.55,2.44,8293.18,631.0
Dallas,SH0342 R,16.83,33.35,2.17,8291.55,631.2
Dallas,SH0352 K,51.26,95.47,2.38,18388.94,2033.13
Dallas,SH0352 L,45.02,81.08,2.38,9169.67,761.94
Dallas,SH0352 R,37.42,68.15,2.42,9033.5,696.33
Dallas,SH0356 A,18.86,92.26,0.69,1272.57,0.51
Dallas,SH0356 L,61.25,99.76,2.41,8396.27,3.66
Dallas,SH0356 R,47.29,99.2,2.18,8396.28,4.22
Dallas,SH0356 X,22.99,70.82,0.79,712.86,147.45
Dallas,SL0012 A,37.24,69.39,2.02,6506.88,1346.81
Dallas,SL0012 L,12.28,32.45,1.48,11460.83,70.29
Dallas,SL0012 R,21.43,38.96,2.21,11741.68,85.0
Dallas,SL0012 X,35.85,71.11,1.98,6448.61,1414.23
Dallas,SL0354 L,1.95,87.5,0.36,10490.35,7.83
Dallas,SL0354 R,34.0,99.85,1.65,10574.95,7.86
Dallas,SS0244 L,24.9,37.7,2.44,15361.14,84.25
Dallas,SS0244 R,31.86,46.91,2.61,15351.11,83.26
Dallas,SS0303 L,65.95,82.78,2.69,7683.25,133.21
Dallas,SS0303 R,50.65,72.64,2.45,7586.46,254.87
Dallas,SS0348 A,66.38,94.62,2.26,4139.94,2119.64
Dallas,SS0348 L,29.04,99.85,1.22,13117.92,4.89
Dallas,SS0348 R,36.12,94.3,2.1,13107.72,5.16
Dallas,SS0348 X,70.64,95.44,2.11,2699.27,2171.36
Dallas,SS0366 A,4.14,46.58,0.78,8716.85,2257.05
Dallas,SS0366 L,74.04,99.81,2.42,72780.34,28.82
Dallas,SS0366 R,71.6,99.83,2.35,72777.48,31.19
Dallas,SS0366 X,4.44,53.73,0.83,9052.41,2575.32
Dallas,SS0408 L,33.0,99.34,1.33,40049.26,40.47
Dallas,SS0408 R,79.27,98.89,3.02,40041.7,41.21
Dallas,SS0482 A,14.58,35.15,2.12,7895.14,4409.99
Dallas,SS0482 L,61.35,86.65,2.61,17586.44,1604.35
Dallas,SS0482 R,59.99,97.48,2.43,17559.13,2591.18
Dallas,SS0482 X,7.02,22.03,1.9,8272.14,4493.15
Dallas,US0067 A,49.38,60.79,2.68,3508.16,1928.71
Dallas,US0067 L,82.8,90.36,3.29,34142.84,1513.6
Dallas,US0067 R,82.54,91.29,3.17,33936.38,1511.25
Dallas,US0067 X,44.67,52.97,2.82,4062.87,1675.15
Dallas,US0075 A,57.27,91.18,2.39,14775.6,903.55
Dallas,US0075 L,86.99,95.14,3.16,106450.38,877.75
Dallas,US0075 R,87.89,97.24,3.1,106059.04,868.7
Dallas,US0075 X,54.43,91.62,2.31,15471.04,897.44
Dallas,US0080 A,71.82,82.21,2.82,3655.44,1343.36
Dallas,US0080 L,43.43,88.89,1.94,30281.69,1256.75
Dallas,US0080 R,50.15,94.12,2.33,30242.54,1311.72
Dallas,US0080 X,49.39,97.46,1.8,4522.42,400.55
Dallas,US0175 A,43.41,57.6,2.2,1708.09,2600.36
Dallas,US0175 L,35.22,45.64,2.74,26010.86,2659.0
Dallas,US0175 R,87.14,98.01,3.06,33215.85,13747.38
Dallas,US0175 X,43.04,60.41,2.2,2248.31,2350.09
Deaf Smith,FM1259 K,0.0,100.0,0.0,2163.0,3.0
Deaf Smith,IH0040 L,75.15,86.08,3.41,6206.95,701.69
Deaf Smith,IH0040 R,81.34,88.78,3.69,6204.97,691.92
Deaf Smith,US0385 K,44.74,92.14,2.25,10139.27,3593.89
Delta,SH0019 L,78.85,87.03,3.15,3616.56,2785.63
Delta,SH0019 R,73.8,91.43,2.88,3644.8,3029.92
Delta,SH0024 L,48.5,51.0,3.18,2100.25,
Denton,BS0114KK,32.0,56.0,2.45,5311.0,150.0
Denton,BS0121HL,42.75,45.02,3.2,17338.68,225.64
Denton,BS0121HR,96.72,97.5,3.54,17343.64,223.08
Denton,BS0121HX,,72.0,2.38,6042.0,4.0
Denton,FM0156 K,99.95,99.95,4.26,11949.28,206.4
Denton,FM0156 L,100.0,100.0,4.26,5817.89,57.54
Denton,FM0156 R,100.0,100.0,3.92,5818.89,57.54
Denton,FM0407 K,76.73,87.25,3.38,17550.84,711.93
Denton,FM0407 L,69.13,96.77,2.78,11205.35,507.78
Denton,FM0407 R,55.3,92.02,2.52,11165.02,517.1
Denton,FM0423 K,90.91,96.45,3.39,21702.82,1668.59
Denton,FM0423 L,86.35,90.26,3.55,17270.73,656.27
Denton,FM0423 R,93.02,96.51,3.48,17178.47,652.27
Denton,FM0426 K,2.55,59.15,0.33,13880.3,24.96
Denton,FM0428 K,1.25,73.0,0.82,9149.0,11.5
Denton,FM0544 K,54.11,93.32,2.02,14129.39,15.63
Denton,FM0544 L,77.51,91.51,2.92,5326.67,475.85
Denton,FM0544 R,73.82,95.52,2.64,5329.62,475.46
Denton,FM0720 K,80.07,93.61,3.09,16404.43,836.78
Denton,FM0720 L,83.39,97.52,3.04,11802.6,19.5
Denton,FM0720 R,79.01,95.63,2.92,11656.36,20.15
Denton,FM1171 K,91.86,98.14,3.33,13947.56,1581.88
Denton,FM1171 L,83.95,95.84,3.11,14838.05,300.25
Denton,FM1171 R,78.94,97.53,2.96,14774.86,300.48
Denton,FM1515 K,14.54,32.36,2.2,10889.08,2406.1
Denton,FM1830 K,48.0,100.0,2.3,8159.5,310.5
Denton,FM2181 K,96.66,99.33,3.2,15602.74,40.6
Denton,FM2181 L,19.86,95.95,0.88,10678.79,6.81
Denton,FM2181 R,73.54,99.82,2.55,10675.47,7.86
Denton,FM2281 K,0.75,99.56,0.04,7055.96,0.0
Denton,FM2281 L,5.97,99.9,0.34,5380.89,7.56
Denton,FM2281 R,8.47,99.92,0.52,5381.12,7.62
Denton,FM2449 K,56.83,56.83,2.37,113.0,4130.8
Denton,FM2499 K,91.08,99.53,3.17,23337.78,95.84
Denton,FM2499 L,93.76,99.38,3.44,13909.75,389.76
Denton,FM2499 R,94.92,99.45,3.45,13901.88,389.58
Denton,FM2934 K,95.55,100.0,3.38,13757.95,25.0
Denton,FM2934 L,93.74,97.31,3.4,13088.02,19.24
Denton,FM2934 R,89.83,95.13,3.21,13088.47,19.24
Denton,FM3040 K,82.35,98.97,2.94,29579.83,10858.7
Denton,FM3040 L,79.95,95.07,3.0,14633.36,556.04
Denton,FM3040 R,80.76,94.92,3.18,14632.39,552.44
Denton,FM3504 K,0.18,82.2,0.01,7814.47,0.0
Denton,IH0035 A,31.4,35.4,2.7,2982.62,2871.76
Denton,IH0035 L,93.94,99.1,3.46,23336.39,2455.9
Denton,IH0035 R,90.5,95.0,3.4,23337.37,2456.46
Denton,IH0035 X,23.02,26.12,2.7,2841.84,2796.54
Denton,IH0035EA,47.27,64.49,2.43,5514.31,650.42
Denton,IH0035EL,82.85,85.8,3.45,55046.3,404.23
Denton,IH0035ER,84.17,89.38,3.31,54558.4,489.73
Denton,IH0035EX,44.4,70.58,2.37,6632.08,709.95
Denton,IH0035WA,73.77,99.05,2.58,6426.77,1171.92
Denton,IH0035WL,75.48,78.15,3.33,10904.12,920.51
Denton,IH0035WR,70.71,74.68,3.29,11270.76,949.4
Denton,IH0035WX,60.6,92.83,2.06,4562.53,688.25
Denton,PA1814 L,60.46,99.98,2.55,7520.11,0.0
Denton,PA1814 R,60.98,96.93,2.62,7520.11,0.0
Denton,SH0114 A,59.85,85.94,2.3,4382.3,902.94
Denton,SH0114 K,93.26,94.61,3.77,19929.71,932.89
Denton,SH0114 L,92.43,95.98,3.54,17803.33,572.6
Denton,SH0114 R,84.53,90.63,3.37,18935.03,691.48
Denton,SH0114 X,69.15,92.21,2.46,4799.69,630.42
Denton,SH0121 A,79.04,96.92,2.91,14790.75,21.41
Denton,SH0121 K,89.12,98.18,3.33,44071.43,137.95
Denton,SH0121 L,82.03,92.59,3.3,27798.37,53.03
Denton,SH0121 R,78.47,93.32,3.2,27737.54,61.18
Denton,SH0121 X,72.96,92.29,2.9,15640.62,21.3
Denton,SH0170 A,71.08,79.76,3.26,16088.69,181.35
Denton,SH0170 L,79.34,89.1,3.14,15019.0,209.58
Denton,SH0170 R,73.64,84.33,3.06,14741.07,213.51
Denton,SH0170 X,57.98,68.27,2.96,11067.81,203.61
Denton,SH0190 A,89.58,94.98,3.27,7342.07,
Denton,SH0190 X,66.44,88.65,2.75,8321.12,
Denton,SL0118 K,0.02,100.0,0.0,4247.46,1.99
Denton,SL0288 K,96.27,100.0,3.64,18587.88,0.0
Denton,SL0288 L,95.36,99.0,3.24,6003.83,38.94
Denton,SL0288 R,83.97,99.81,2.95,6003.72,38.85
Denton,US0077 K,2.5,20.07,1.52,17037.65,524.77
Denton,US0077 L,84.22,99.49,2.87,4544.51,26.98
Denton,US0077 R,79.29,99.66,2.64,4539.39,27.14
Denton,US0377 K,84.48,96.4,3.03,23652.55,293.92
Denton,US0377 L,75.95,98.39,2.94,11303.55,161.02
Denton,US0377 R,77.52,98.92,2.84,11260.18,159.56
Denton,US0380 K,94.45,98.24,3.4,30767.3,738.27
Denton,US0380 L,45.52,54.29,2.66,12250.66,488.64
Denton,US0380 R,51.95,61.49,2.85,11841.04,440.21
Dewitt,SH0111 K,55.0,100.0,2.44,5871.0,52297.0
Donley,IH0040 L,0.0,100.0,0.0,6550.0,156.0
Donley,IH0040 R,64.39,80.4,2.77,6474.09,1921.69
Donley,US0287 K,100.0,100.0,3.58,11160.03,1585.86
Eastland,IH0020 A,100.0,100.0,3.78,25.0,1379.63
Eastland,IH0020 L,100.0,100.0,4.09,11321.83,942.23
Eastland,IH0020 R,97.35,98.34,4.26,10608.9,729.61
Ector,BI0020EK,23.3,38.99,2.33,19338.2,2474.63
Ector,FM1882 L,2.17,27.37,1.0,6680.06,349.39
Ector,FM1882 R,2.11,39.08,0.89,6680.06,349.39
Ector,FM2227 L,4.0,31.2,1.34,4870.0,0.0
Ector,FM2227 R,6.2,36.8,1.38,4870.0,0.0
Ector,US0385 L,32.0,67.0,2.3,6000.0,139.0
Ector,US0385 R,30.0,78.0,2.1,6000.0,139.0
Edwards,RM0335 K,46.0,100.0,1.3,74.0,79.0
Edwards,US0377 K,83.79,86.68,2.86,2572.49,1341.82
El Paso,FM0076 K,92.53,99.4,3.2,18372.05,1128.18
El Paso,FM0076 L,85.01,95.96,3.05,10472.33,977.87
El Paso,FM0076 R,81.81,94.85,3.0,10490.93,994.39
El Paso,FM0659 K,40.36,100.0,1.55,10164.41,0.93
El Paso,FM0659 L,83.46,97.4,2.87,10361.8,6629.52
El Paso,FM0659 R,88.94,96.05,3.24,10364.72,6520.33
El Paso,FM1110 K,41.5,100.0,2.15,13669.0,955.0
El Paso,FM1281 K,58.36,96.78,2.51,33738.47,2826.54
El Paso,FM1905 K,23.4,93.24,1.59,11905.46,1115.67
El Paso,FM2316 L,22.0,100.0,1.7,13113.0,
El Paso,FM2529 R,72.0,100.0,2.71,4266.5,86.0
El Paso,FM3255 L,77.41,84.01,2.98,3628.08,1027.33
El Paso,FM3255 R,92.23,97.79,3.11,3475.93,862.11
El Paso,IH0010 A,67.62,91.72,2.83,17474.13,2203.29
El Paso,IH0010 L,91.23,93.72,3.65,36567.62,1607.06
El Paso,IH0010 R,89.4,92.23,3.62,36597.07,1608.03
El Paso,IH0010 X,70.48,87.73,3.07,17206.42,2021.09
El Paso,IH0110 A,25.29,98.0,1.18,6166.72,557.81
El Paso,IH0110 L,57.57,90.65,2.31,16945.04,1077.56
El Paso,IH0110 R,46.75,93.78,2.06,16254.27,1001.33
El Paso,IH0110 X,57.87,97.94,1.94,4358.51,959.9
El Paso,PA2401 K,78.43,83.96,3.11,16216.42,
El Paso,SH0020 A,83.17,100.0,2.9,5045.5,184.5
El Paso,SH0020 K,52.33,94.11,2.4,23169.68,2838.32
El Paso,SH0020 L,65.6,99.58,2.33,5500.93,685.43
El Paso,SH0020 R,66.5,97.6,2.32,5507.44,687.83
El Paso,SH0178 A,87.38,99.31,3.06,3117.42,221.82
El Paso,SH0178 L,94.09,99.39,3.68,6440.63,236.84
El Paso,SH0178 R,90.3,99.53,3.54,6435.33,236.87
El Paso,SH0178 X,88.08,98.47,3.1,1312.37,195.73
El Paso,SL0375 A,69.42,93.27,2.72,8504.02,1393.39
El Paso,SL0375 L,95.2,95.92,4.0,18028.06,1255.43
El Paso,SL0375 R,89.66,97.55,3.72,18001.76,1268.45
El Paso,SL0375 X,68.48,98.01,2.57,8479.31,254.88
El Paso,SS0006 L,93.0,100.0,2.56,1150.0,62.0
El Paso,SS0006 R,88.0,100.0,2.46,1150.0,62.0
El Paso,SS0601 L,57.24,99.83,2.35,9857.03,99.35
El Paso,SS0601 R,55.69,99.82,2.65,9697.95,99.09
El Paso,SS1966 K,33.5,100.0,1.75,5316.5,
El Paso,US0054 A,89.5,97.98,3.33,7937.99,473.24
El Paso,US0054 L,91.18,93.71,3.4,24743.94,593.26
El Paso,US0054 R,92.1,93.79,3.46,24733.59,599.18
El Paso,US0054 X,91.05,97.21,3.42,8630.72,393.81
El Paso,US0062 K,15.5,58.5,1.5,4156.5,940.5
El Paso,US0062 L,60.25,97.04,2.55,10973.69,829.56
El Paso,US0062 R,58.96,95.71,2.46,8950.22,1080.98
El Paso,US0085 L,36.18,92.35,1.34,7041.88,18.09
El Paso,US0085 R,5.15,99.92,0.65,7027.36,11.49
Ellis,BI0045GK,62.16,99.88,2.53,5092.8,776.71
Ellis,BI0045GL,65.8,94.81,2.02,2538.09,1218.1
Ellis,BU0287QL,32.53,98.47,1.29,7582.48,494.86
Ellis,BU0287QR,23.34,100.0,1.05,7886.5,536.19
Ellis,BU0287RK,50.22,76.11,2.63,5588.89,274.62
Ellis,FM0066 K,3.33,12.0,1.35,1045.07,1388.0
Ellis,FM0660 K,58.0,97.43,1.96,983.67,893.65
Ellis,FM0664 K,4.46,82.74,0.41,6117.39,1102.79
Ellis,FM0813 K,56.41,90.21,2.55,9566.0,2945.79
Ellis,FM0813 L,19.0,100.0,1.6,6089.0,95.0
Ellis,FM1183 K,11.0,86.84,0.84,1065.09,46.23
Ellis,FM1387 K,100.0,100.0,3.6,4764.67,11049.0
Ellis,IH0035EA,53.05,65.85,2.25,931.49,854.6
Ellis,IH0035EL,97.04,97.64,3.96,21299.23,902.42
Ellis,IH0035ER,96.47,97.47,3.85,21529.55,904.16
Ellis,IH0035EX,58.17,61.47,2.85,540.22,416.86
Ellis,IH0045 A,36.04,46.09,2.12,856.14,1284.64
Ellis,IH0045 L,98.8,99.3,4.0,19264.46,1241.56
Ellis,IH0045 R,96.41,97.57,3.85,18973.44,1217.67
Ellis,IH0045 X,27.74,42.53,1.89,1065.26,1618.79
Ellis,SH0034 K,1.27,23.23,1.36,6227.17,58.93
Ellis,SH0034 L,0.0,75.4,0.0,3300.0,63.25
Ellis,SH0034 R,8.67,69.5,0.38,3291.67,138.0
Ellis,SH0360 K,81.1,95.83,3.12,17446.61,399.94
Ellis,SH0360 L,100.0,100.0,4.26,4607.0,
Ellis,SH0360 R,100.0,100.0,4.04,4606.19,
Ellis,SS0437 K,25.56,49.52,2.31,6637.92,4748.22
Ellis,US0067 L,97.72,97.81,3.58,14068.74,2315.94
Ellis,US0067 R,97.51,98.25,3.68,14259.78,2437.5
Ellis,US0077 K,34.17,58.57,2.21,22218.95,2426.94
Ellis,US0077 R,28.0,42.0,2.53,7933.33,
Ellis,US0287 A,98.29,98.29,3.34,492.78,1419.51
Ellis,US0287 R,100.0,100.0,3.5,7921.0,648.0
Ellis,US0287 X,87.9,99.58,2.61,2357.02,1769.78
Erath,IH0020 L,84.05,84.78,3.88,9486.78,186.28
Erath,IH0020 R,92.21,93.18,3.66,9446.99,205.6
Falls,IH0035 L,92.23,92.23,3.8,35247.16,
Falls,IH0035 R,97.08,97.39,3.94,34841.95,774.47
Fannin,FM0151 K,0.0,0.0,3.9,1450.0,36.0
Fannin,SH0050 K,11.8,41.87,0.92,926.07,0.0
Fannin,SH0078 K,55.87,82.0,2.35,2864.22,2531.22
Fannin,SL0205 K,44.27,82.98,1.92,3094.88,4478.3
Fannin,US0082 A,39.69,61.99,2.45,3541.26,2161.38
Fannin,US0082 X,67.81,71.97,2.78,2793.5,1824.25
Fayette,SH0071 K,45.83,76.52,2.43,9289.97,1044.39
Fayette,SH0071 L,79.46,85.13,3.36,5241.71,1033.34
Fayette,SH0071 R,72.42,84.77,3.05,4859.62,1238.04
Floyd,US0062 K,96.87,100.0,3.21,5282.25,147.25
Floyd,US0062 L,95.11,95.11,3.52,1247.99,176.47
Floyd,US0062 R,100.0,100.0,3.65,1248.09,175.77
Fort Bend,FM0359 A,67.17,73.22,2.06,99.0,1.91
Fort Bend,FM0359 K,95.69,100.0,3.55,15583.31,24.64
Fort Bend,FM0359 L,76.97,95.02,2.94,9906.07,533.72
Fort Bend,FM0359 R,73.1,95.83,2.78,9930.74,546.19
Fort Bend,FM0359 X,96.36,100.0,2.19,99.0,1.91
Fort Bend,FM0360 K,0.0,100.0,0.0,1375.0,0.0
Fort Bend,FM0360 L,19.38,100.0,0.67,835.35,9.59
Fort Bend,FM0360 R,94.66,100.0,3.13,835.35,9.59
Fort Bend,FM0521 K,43.61,55.07,2.97,8510.01,3879.62
Fort Bend,FM0723 K,43.42,96.73,2.11,15015.63,1180.73
Fort Bend,FM0762 K,75.19,82.94,3.17,18608.49,1568.29
Fort Bend,FM1092 K,60.15,72.29,2.98,31823.68,4553.63
Fort Bend,FM1092 L,93.18,99.08,3.21,18306.87,1895.23
Fort Bend,FM1092 R,70.43,83.78,2.96,18307.44,1876.06
Fort Bend,FM1093 A,74.12,97.94,2.69,8950.27,417.95
Fort Bend,FM1093 K,98.66,99.76,3.66,15014.27,296.05
Fort Bend,FM1093 L,93.98,94.73,3.51,9990.96,73.66
Fort Bend,FM1093 R,91.09,96.16,3.31,9638.94,73.4
Fort Bend,FM1093 X,74.47,97.94,2.68,10559.21,416.93
Fort Bend,FM1464 K,88.3,100.0,3.63,18009.28,17.47
Fort Bend,FM1464 L,59.77,99.94,2.2,10341.63,5.89
Fort Bend,FM1464 R,54.41,99.95,2.42,10341.69,5.89
Fort Bend,FM1640 K,42.78,99.27,2.14,19064.99,692.92
Fort Bend,FM1640 L,78.03,100.0,2.75,10383.0,873.37
Fort Bend,FM1640 R,22.27,100.0,1.63,10383.0,852.78
Fort Bend,FM1876 K,87.69,88.02,3.51,9297.92,733.5
Fort Bend,FM1876 L,73.23,98.69,2.56,7125.92,1331.01
Fort Bend,FM1876 R,88.75,96.98,3.17,7119.44,1325.45
Fort Bend,FM2218 K,52.5,100.0,2.28,8026.5,2.0
Fort Bend,FM2218 L,84.03,98.17,2.95,5232.13,485.2
Fort Bend,FM2218 R,93.38,98.46,3.27,5229.17,485.84
Fort Bend,FM2234 K,12.65,99.63,1.06,27812.36,7.18
Fort Bend,FM2234 L,1.14,99.96,0.04,13937.32,3.17
Fort Bend,FM2234 R,19.96,99.93,1.62,13937.29,3.17
Fort Bend,FM2759 K,77.46,100.0,2.79,18897.15,10716.11
Fort Bend,FM3345 K,91.55,98.0,3.2,19655.31,3.1
Fort Bend,FM3345 L,83.28,94.37,3.03,11735.34,1483.32
Fort Bend,FM3345 R,92.46,96.77,3.19,11752.17,1468.81
Fort Bend,FS1464 K,8.67,100.0,0.37,15.67,
Fort Bend,IH0010 A,46.8,89.65,2.14,3153.18,1424.84
Fort Bend,IH0010 L,89.29,94.42,3.33,28448.87,1008.29
Fort Bend,IH0010 R,93.15,93.15,3.92,28460.43,1010.78
Fort Bend,IH0010 X,98.92,100.0,3.25,11998.26,693.33
Fort Bend,IH0069 A,69.33,80.73,2.97,18799.75,5.05
Fort Bend,IH0069 L,86.82,90.18,3.47,46462.65,3.67
Fort Bend,IH0069 R,90.47,93.36,3.53,46758.2,3.69
Fort Bend,IH0069 X,67.64,78.98,2.97,16151.38,4.79
Fort Bend,SH0006 A,78.53,93.65,2.78,5356.96,1213.1
Fort Bend,SH0006 K,95.76,97.91,3.63,34133.03,927.35
Fort Bend,SH0006 L,79.33,85.31,3.25,22933.18,2099.69
Fort Bend,SH0006 R,89.12,93.57,3.38,22908.75,2099.68
Fort Bend,SH0006 X,79.33,96.04,2.6,3484.88,1220.47
Fort Bend,SH0036 K,55.76,75.38,2.77,19188.04,4942.26
Fort Bend,SH0099 A,71.68,81.44,2.95,6057.96,192.49
Fort Bend,SH0099 K,95.97,96.51,3.56,14278.66,3157.85
Fort Bend,SH0099 L,94.08,95.95,3.36,9590.9,853.73
Fort Bend,SH0099 R,78.31,99.87,2.74,9585.82,853.88
Fort Bend,SH0099 X,61.24,67.51,3.07,6538.24,202.64
Fort Bend,SL0008 X,93.64,100.0,3.3,14726.73,2536.84
Fort Bend,SL0540 K,90.15,100.0,3.56,1721.02,466.54
Fort Bend,SS0010 K,94.57,98.03,3.5,2781.77,209.76
Fort Bend,SS0010 L,93.91,93.91,3.68,1662.0,
Fort Bend,SS0010 R,91.55,91.55,3.4,1662.0,
Fort Bend,SS0041 L,7.14,91.34,0.65,12500.0,0.0
Fort Bend,SS0041 R,21.36,93.33,1.43,12500.0,0.0
Fort Bend,SS0529 K,51.32,100.0,2.07,9104.49,0.0
Fort Bend,UA0090 A,73.6,74.77,2.82,4440.34,888.56
Fort Bend,UA0090 K,62.0,100.0,2.52,9605.2,1933.8
Fort Bend,UA0090 L,88.15,96.58,3.29,20892.85,298.84
Fort Bend,UA0090 R,82.85,96.62,2.98,20778.88,303.66
Fort Bend,UA0090 X,60.92,98.97,1.9,1970.97,90.65
Fort Bend,US0059 A,67.96,90.78,2.56,15353.7,745.24
Fort Bend,US0059 L,67.29,74.51,3.21,26468.04,1362.15
Fort Bend,US0059 R,66.44,71.68,3.24,27311.18,1455.42
Fort Bend,US0059 X,79.32,92.1,2.95,16353.98,870.33
Freestone,IH0045 X,75.85,83.16,2.4,496.16,829.7
Freestone,SH0179 K,30.94,77.12,1.33,2216.79,4.66
Galveston,FM0188 K,23.07,96.13,1.26,1430.41,
Galveston,FM0270 K,61.75,100.0,2.44,25343.83,17.68
Galveston,FM0270 L,100.0,100.0,3.6,13323.33,3527.33
Galveston,FM0270 R,61.33,100.0,2.1,13323.33,3527.33
Galveston,FM0517 K,81.07,93.32,3.03,17597.93,1967.07
Galveston,FM0517 L,32.49,95.29,1.9,10140.52,892.09
Galveston,FM0517 R,37.01,83.2,2.14,10180.03,871.28
Galveston,FM0518 K,89.79,99.02,3.2,20421.73,1736.06
Galveston,FM0518 L,68.77,97.32,2.49,9396.24,1534.44
Galveston,FM0518 R,74.44,95.15,2.83,9468.25,1469.39
Galveston,FM0528 K,94.33,97.71,3.56,20575.78,501.7
Galveston,FM0646 K,96.11,98.3,3.64,14047.79,3050.59
Galveston,FM0646 L,89.01,99.11,3.29,10199.7,1611.11
Galveston,FM0646 R,80.75,96.12,3.28,10178.44,1463.18
Galveston,FM1764 A,78.01,88.65,3.07,2778.27,771.35
Galveston,FM1764 K,92.39,98.2,3.24,13795.31,9404.19
Galveston,FM1764 L,73.47,94.77,2.9,12814.11,2418.92
Galveston,FM1764 R,68.06,94.79,2.78,12902.55,2448.06
Galveston,FM1764 X,75.93,89.72,3.03,3766.82,1922.23
Galveston,FM1765 K,64.85,100.0,2.4,5850.11,2768.16
Galveston,FM2004 K,92.56,96.11,3.41,3781.22,1443.11
Galveston,FM2004 L,57.22,100.0,2.34,6133.33,258.22
Galveston,FM2004 R,73.56,100.0,2.99,6133.33,258.22
Galveston,FM2094 K,12.89,21.14,3.45,17695.96,172.5
Galveston,FM2094 L,82.73,97.95,3.02,9626.46,1097.66
Galveston,FM2094 R,92.18,95.38,3.28,9617.66,1077.69
Galveston,FM2351 K,84.78,100.0,2.91,14415.94,0.0
Galveston,FM2351 L,72.9,89.59,2.87,11625.89,2294.67
Galveston,FM2351 R,74.18,97.62,2.7,11630.69,2312.73
Galveston,IH0045 A,71.47,78.23,3.03,3632.67,2175.23
Galveston,IH0045 L,62.4,70.24,3.2,34105.76,1266.87
Galveston,IH0045 R,71.89,78.22,3.31,34324.64,1371.43
Galveston,IH0045 X,78.53,81.88,3.21,3914.18,1935.65
Galveston,SH0003 K,84.47,97.6,3.05,11961.58,2307.1
Galveston,SH0003 L,99.93,99.93,3.99,3972.84,1918.4
Galveston,SH0003 R,95.21,95.21,3.87,3972.84,1918.4
Galveston,SH0006 L,58.33,81.19,2.79,4607.14,1660.97
Galveston,SH0006 R,62.23,70.88,2.88,4600.0,3758.77
Galveston,SH0096 L,90.87,91.38,3.47,7356.77,4.11
Galveston,SH0096 R,87.45,89.52,3.4,7356.77,4.11
Galveston,SH0124 K,71.25,100.0,2.51,3238.82,319.0
Galveston,SH0124 L,46.43,100.0,1.35,1525.0,165.96
Galveston,SH0124 R,56.25,100.0,1.98,1525.0,165.96
Galveston,SH0146 A,58.6,75.98,2.86,7926.78,886.82
Galveston,SH0146 K,73.57,89.18,2.97,33614.31,1171.81
Galveston,SH0146 L,66.77,80.84,3.01,7419.94,738.95
Galveston,SH0146 R,78.11,88.55,3.16,7312.88,1012.95
Galveston,SH0146 X,57.0,82.35,2.55,7240.92,952.09
Galveston,SH0275 K,48.93,95.82,2.19,11289.26,5023.55
Galveston,SH0275 L,18.24,35.12,1.82,1984.48,1986.07
Galveston,SH0275 R,14.39,33.51,1.59,1984.48,1986.07
Galveston,SL0197 K,70.2,99.57,2.68,11208.01,9102.96
Galveston,SS0197 K,51.47,100.0,2.1,5516.5,
Garza,FM2008 K,73.0,100.0,1.73,8.0,16.0
Garza,SS0575 K,1.0,100.0,0.1,2576.0,2144.0
Garza,US0084 K,74.37,74.37,4.05,11070.46,1489.16
Garza,US0084 L,55.17,59.67,3.68,4750.0,152.33
Garza,US0084 R,58.5,58.5,4.37,4750.0,152.33
Glasscock,SH0158 K,51.34,97.29,2.38,6377.87,20.0
Gray,BI0040HL,20.01,80.01,1.4,231.2,407.84
Gray,BI0040HR,48.25,75.55,1.95,208.23,324.55
Gray,IH0040 L,76.27,80.6,3.32,6515.34,1627.7
Gray,IH0040 R,74.51,81.01,3.2,6518.27,1692.27
Gray,SL0271 K,75.67,100.0,1.77,74.33,
Gray,US0060 K,100.0,100.0,3.77,6300.97,37.0
Grayson,BU0377BK,30.3,31.1,2.87,1458.37,124.07
Grayson,BU0377CK,67.3,98.82,1.64,308.53,0.77
Grayson,BU0377DK,27.07,51.07,1.44,190.0,57.64
Grayson,FM0120 K,56.46,95.54,2.52,13212.77,469.52
Grayson,FM0121 K,100.0,100.0,3.83,8441.0,15575.79
Grayson,FM0121 L,96.59,98.05,3.1,3500.52,1927.84
Grayson,FM0121 R,97.33,97.64,3.25,3501.24,1934.01
Grayson,FM0151 K,2.18,2.43,2.01,1997.16,63.56
Grayson,FM0691 K,94.7,94.7,3.6,5697.59,2048.22
Grayson,FM0691 L,100.0,100.0,3.52,2951.39,1928.62
Grayson,FM0691 R,97.17,97.17,3.63,2951.36,1922.76
Grayson,FM1417 K,50.0,100.0,2.35,10238.0,104.0
Grayson,SH0091 L,34.03,53.34,2.44,7193.81,2121.69
Grayson,SH0091 R,35.93,76.96,2.25,6234.33,1195.69
Grayson,SS0503 L,67.14,84.41,2.88,5635.25,1246.05
Grayson,SS0503 R,73.07,89.8,2.89,5745.32,1222.62
Grayson,US0069 K,57.93,81.21,2.76,7908.83,2052.55
Grayson,US0069 L,63.56,87.9,2.41,15267.45,43.05
Grayson,US0069 R,50.24,87.72,2.32,15256.54,43.79
Grayson,US0069 X,100.0,100.0,3.43,1618.54,1015.37
Grayson,US0075 A,22.02,29.92,2.64,3254.35,1879.32
Grayson,US0075 L,90.88,92.44,3.4,14628.65,782.48
Grayson,US0075 R,57.83,59.9,3.18,14622.75,781.18
Grayson,US0075 X,20.64,28.71,2.49,3540.52,1810.39
Grayson,US0082 A,44.46,89.0,1.75,1543.75,2079.95
Grayson,US0082 L,72.11,87.63,2.93,8602.53,1641.53
Grayson,US0082 R,70.19,89.74,2.83,8976.4,1705.01
Grayson,US0082 X,44.45,97.38,1.57,1519.87,2004.94
Gregg,FM1844 K,1.0,95.33,0.75,4078.19,16.28
Gregg,FM2087 K,37.5,100.0,1.6,2725.5,
Gregg,FM2767 K,0.0,0.0,2.75,930.0,686.5
Gregg,IH0020 L,81.56,87.59,3.53,15295.17,2640.91
Gregg,IH0020 R,66.04,71.57,3.68,15185.5,2565.92
Gregg,SH0300 K,13.5,81.25,1.45,11488.5,41.5
Gregg,SH0322 K,87.83,100.0,3.06,16915.4,2.66
Gregg,SL0281 A,100.0,100.0,2.63,99.0,1565.0
Gregg,SL0281 K,99.84,100.0,3.86,15451.53,1139.31
Gregg,SL0281 L,100.0,100.0,3.92,9333.42,4336.38
Gregg,SL0281 R,100.0,100.0,3.89,9333.42,4336.38
Gregg,SL0281 X,100.0,100.0,2.99,99.0,1623.5
Gregg,SS0063 K,94.59,99.5,3.29,18253.5,371.18
Gregg,US0259 L,100.0,100.0,3.55,3669.0,29.14
Grimes,FM1774 K,19.0,100.0,1.6,5908.0,
Guadalupe,IH0010 A,54.33,100.0,2.41,4229.05,759.01
Guadalupe,IH0035 L,,,2.96,66763.0,284.0
Guadalupe,IH0035 R,,,3.07,66763.0,284.0
Hale,BI0027UK,81.5,81.5,2.95,2205.83,270.33
Hale,BI0027UL,66.16,77.02,2.95,1571.18,72.84
Hale,BI0027UR,68.92,80.04,3.03,1447.63,70.82
Hale,IH0027 A,43.0,100.0,2.2,3642.0,67.0
Hale,IH0027 L,90.07,90.43,3.81,5469.66,526.57
Hale,IH0027 R,89.84,90.22,3.89,5473.38,526.89
Hall,FM1547 K,58.9,100.0,1.81,419.96,2854.62
Hall,US0287 K,81.57,88.58,3.18,10710.99,2794.74
Hall,US0287 R,,,3.41,4792.0,374.0
Hardeman,US0287 K,77.01,89.72,3.18,12194.35,873.79
Hardin,FM0770 K,51.09,99.76,1.66,3212.42,418.59
Hardin,SH0105 K,42.91,68.3,2.58,7050.85,1097.33
Hardin,SH0326 L,50.33,75.91,2.48,3527.26,3079.97
Hardin,SH0326 R,20.98,67.97,1.64,3526.45,3087.39
Hardin,SH0327 L,76.63,89.59,3.11,4585.7,928.61
Hardin,SH0327 R,61.39,83.45,2.65,4585.93,964.12
Hardin,US0069 L,79.21,97.12,3.38,22003.6,3082.09
Hardin,US0069 R,73.72,96.93,3.12,22641.46,3115.92
Hardin,US0096 A,99.5,99.5,3.55,2983.75,1561.76
Hardin,US0096 L,90.44,94.58,3.47,8208.36,2192.82
Hardin,US0096 R,94.06,98.03,3.49,6871.85,2230.21
Hardin,US0096 X,78.33,96.33,2.79,3085.67,1057.17
Harris,BF1960AK,57.67,100.0,2.47,11653.17,2618.0
Harris,BS0146DK,38.52,85.26,1.94,11974.8,21.7
Harris,BS0146EL,89.3,93.99,3.49,8912.52,1335.59
Harris,BS0146ER,60.89,94.12,2.44,8837.54,1582.39
Harris,BS0249BK,72.29,91.03,2.66,14917.48,4071.28
Harris,BS0249BL,59.13,74.12,2.62,11787.0,1351.31
Harris,BS0249BR,79.08,97.24,2.73,11834.21,1339.0
Harris,BU0090UK,61.46,94.52,2.28,10911.46,324.55
Harris,FM0270 A,0.0,100.0,0.0,99.0,0.0
Harris,FM0270 K,99.64,99.99,3.27,26686.8,0.24
Harris,FM0270 L,99.33,100.0,3.23,12512.33,0.0
Harris,FM0270 R,66.67,100.0,2.6,12512.33,0.0
Harris,FM0270 X,0.0,100.0,0.0,99.0,0.0
Harris,FM0521 A,77.46,77.46,2.62,99.0,
Harris,FM0521 K,90.88,96.78,3.25,18724.99,2469.35
Harris,FM0521 L,73.24,88.39,3.09,10575.87,450.56
Harris,FM0521 R,79.35,97.94,2.9,10068.79,348.9
Harris,FM0521 X,100.0,100.0,2.78,99.0,
Harris,FM0525 K,15.57,62.66,1.31,25587.87,9.31
Harris,FM0525 L,21.47,91.14,1.71,9453.54,153.06
Harris,FM0525 R,21.33,100.0,1.67,9454.63,153.29
Harris,FM0526 K,61.54,100.0,2.56,16823.08,33.92
Harris,FM0526 L,75.94,93.38,2.87,6735.6,347.64
Harris,FM0526 R,81.29,99.96,2.96,7649.26,651.66
Harris,FM0528 K,92.65,98.17,3.53,30978.01,16.95
Harris,FM0528 L,70.76,100.0,2.57,17596.8,39.0
Harris,FM0528 R,79.41,100.0,2.82,17596.8,39.0
Harris,FM0529 K,93.05,98.05,3.31,30890.73,615.66
Harris,FM0529 L,87.63,97.43,3.14,17955.53,270.18
Harris,FM0529 R,83.12,97.22,3.01,18026.53,265.61
Harris,FM0865 K,92.2,92.29,3.71,21098.69,17.18
Harris,FM0865 L,94.78,99.98,3.43,9902.91,1214.82
Harris,FM0865 R,87.24,95.6,3.2,9874.08,1237.11
Harris,FM1092 K,32.92,78.47,1.73,33390.32,2401.13
Harris,FM1093 L,63.67,79.66,2.96,16462.65,1659.21
Harris,FM1093 R,65.32,84.44,2.83,16367.43,1638.57
Harris,FM1876 K,100.0,100.0,3.69,6671.43,3354.71
Harris,FM1876 L,22.84,99.85,0.98,6795.11,0.1
Harris,FM1876 R,13.62,95.43,0.93,6795.17,0.32
Harris,FM1942 K,47.81,94.52,2.03,18484.74,5.15
Harris,FM1959 K,50.69,83.35,2.4,22543.27,0.29
Harris,FM1960 A,50.59,96.4,2.21,17615.21,529.88
Harris,FM1960 K,82.63,90.05,3.23,44867.19,1183.01
Harris,FM1960 L,70.99,95.35,2.71,23324.48,758.45
Harris,FM1960 R,81.02,93.66,3.06,23315.85,755.7
Harris,FM1960 X,58.06,91.75,2.29,18070.61,608.93
Harris,FM2100 A,46.0,92.82,1.63,1158.71,359.1
Harris,FM2100 K,63.45,99.67,2.76,23623.18,1025.04
Harris,FM2100 L,43.0,100.0,2.2,10734.0,0.0
Harris,FM2100 R,0.0,100.0,0.0,10734.0,0.0
Harris,FM2100 X,19.94,85.48,1.13,1040.14,349.38
Harris,FM2351 K,50.85,81.32,2.39,21922.06,0.0
Harris,FM2351 L,94.42,96.79,3.43,13426.36,1124.79
Harris,FM2351 R,89.62,97.6,3.22,13427.31,1124.98
Harris,FM2553 K,53.84,99.63,2.37,4827.99,8.18
Harris,FM2920 K,89.97,100.0,3.47,47058.78,371.27
Harris,FM2978 K,87.76,95.4,3.47,18706.09,57.23
Harris,FM2978 L,87.03,99.19,3.28,9498.93,28.7
Harris,FM2978 R,78.69,99.05,3.01,9498.18,28.7
Harris,FS0525 K,63.48,96.43,2.6,17186.09,0.0
Harris,IH0010 A,65.13,79.2,2.75,14015.51,1718.06
Harris,IH0010 L,82.32,88.88,3.36,77050.18,2155.57
Harris,IH0010 R,82.2,88.0,3.39,77562.81,2132.12
Harris,IH0010 X,65.03,78.02,2.82,13643.06,1776.29
Harris,IH0045 A,72.27,87.31,2.92,14208.46,1559.43
Harris,IH0045 L,86.99,93.48,3.48,100567.73,1609.67
Harris,IH0045 R,87.48,94.13,3.44,101082.27,1576.48
Harris,IH0045 X,68.91,86.68,2.85,15840.23,1521.04
Harris,IH0069 A,64.2,91.78,2.49,14902.15,1459.15
Harris,IH0069 L,87.67,96.62,3.31,95687.49,1093.88
Harris,IH0069 R,91.13,97.23,3.46,98489.87,1014.98
Harris,IH0069 X,62.1,89.21,2.51,13957.55,1197.17
Harris,IH0610 A,39.57,64.76,2.31,9202.82,2412.67
Harris,IH0610 L,78.39,84.1,3.31,82520.63,2319.85
Harris,IH0610 R,76.82,82.83,3.33,82473.8,2332.19
Harris,IH0610 X,41.88,64.97,2.33,10007.08,2538.89
Harris,SH0003 L,3.17,41.15,0.67,9317.66,5.07
Harris,SH0003 R,1.27,60.83,0.59,9303.38,5.06
Harris,SH0006 A,62.45,79.2,2.57,11871.33,7645.59
Harris,SH0006 K,65.03,78.04,2.99,45026.53,2837.67
Harris,SH0006 L,76.76,98.21,2.85,28667.76,9887.8
Harris,SH0006 R,85.83,99.37,3.02,28850.96,9208.69
Harris,SH0006 X,58.46,91.66,2.33,11027.7,8414.78
Harris,SH0035 A,33.35,99.98,0.83,502.91,1.69
Harris,SH0035 K,59.02,81.09,2.7,26904.61,6337.33
Harris,SH0035 L,20.35,98.51,1.01,9139.52,55.15
Harris,SH0035 R,23.56,88.59,1.7,9074.06,39.03
Harris,SH0099 A,94.05,98.34,3.39,11307.99,295.14
Harris,SH0099 K,59.42,85.04,2.54,14439.84,5346.6
Harris,SH0099 L,93.54,97.33,3.79,19389.5,383.78
Harris,SH0099 R,93.79,97.37,3.82,19516.35,466.2
Harris,SH0099 X,89.99,96.93,3.26,7049.24,288.59
Harris,SH0146 A,70.89,84.21,2.72,1799.76,2137.02
Harris,SH0146 K,54.57,71.63,2.86,38940.59,1810.34
Harris,SH0146 L,76.62,87.79,3.04,22916.82,1896.95
Harris,SH0146 R,80.69,88.65,3.13,23031.31,1917.9
Harris,SH0146 X,69.54,82.99,2.64,1789.05,2182.14
Harris,SH0225 A,59.59,71.63,2.82,4164.28,2964.2
Harris,SH0225 L,64.46,79.7,2.98,39491.78,3009.44
Harris,SH0225 R,68.57,82.55,3.0,40004.21,3031.63
Harris,SH0225 X,57.33,68.93,2.88,4099.09,2896.6
Harris,SH0249 A,86.21,96.54,3.16,13756.22,440.91
Harris,SH0249 K,92.39,97.27,3.48,42035.42,738.0
Harris,SH0249 L,95.56,97.11,3.57,33655.21,526.68
Harris,SH0249 R,95.65,98.37,3.57,33654.19,529.74
Harris,SH0249 X,84.53,97.76,2.95,14819.46,435.52
Harris,SH0288 A,48.39,52.41,2.5,380.76,2727.99
Harris,SH0288 L,52.4,94.59,2.18,68897.01,2561.77
Harris,SH0288 R,76.82,92.34,3.02,68721.75,2437.54
Harris,SH0288 X,20.2,56.11,1.39,370.5,2483.73
Harris,SHNASA A,52.2,95.68,2.0,5899.62,911.66
Harris,SHNASA K,58.37,91.32,2.28,39690.02,15.46
Harris,SHNASA L,99.89,99.99,3.94,13174.74,66.58
Harris,SHNASA R,95.42,96.81,3.3,13176.68,66.58
Harris,SHNASA X,66.9,96.92,2.33,7205.33,1151.18
Harris,SL0008 A,83.67,92.6,3.03,13338.07,1899.89
Harris,SL0008 K,0.56,99.93,0.02,2273.2,0.0
Harris,SL0008 L,87.83,99.26,3.08,12628.9,12.42
Harris,SL0008 R,85.6,99.41,2.99,12635.21,12.31
Harris,SL0008 X,95.03,97.92,3.31,14104.08,1893.49
Harris,SL0201 A,88.29,98.88,3.23,1314.61,0.0
Harris,SL0201 L,99.42,99.88,3.53,7407.37,0.0
Harris,SL0201 R,92.5,99.83,3.53,7405.47,0.0
Harris,SL0201 X,91.02,99.77,2.84,924.88,0.0
Harris,SL0494 K,50.48,100.0,2.14,12574.85,9660.83
Harris,SL0494 L,79.48,97.75,2.86,5136.59,5448.0
Harris,SL0494 R,65.06,91.71,2.67,5128.54,5448.0
Harris,SS0005 A,70.77,84.8,2.75,4275.52,722.49
Harris,SS0005 L,66.56,98.1,2.6,14470.49,263.25
Harris,SS0005 R,58.39,96.73,2.44,14043.6,335.44
Harris,SS0005 X,86.42,98.61,2.8,4754.15,409.66
Harris,SS0261 K,42.15,81.58,2.2,26425.95,0.0
Harris,SS0261 L,44.43,94.43,1.87,14643.5,0.0
Harris,SS0261 R,73.75,99.2,2.63,14643.42,0.0
Harris,SS0330 A,92.21,95.88,3.3,5702.45,908.66
Harris,SS0330 L,9.96,19.39,2.06,13449.17,10.13
Harris,SS0330 R,37.07,99.79,2.04,13024.89,27.54
Harris,SS0330 X,86.12,94.02,3.14,5116.54,996.96
Harris,SS0527 A,97.7,99.09,2.75,181.29,799.49
Harris,SS0527 L,36.52,91.85,1.55,31257.75,1.75
Harris,SS0527 R,7.87,62.51,1.05,31046.15,1.85
Harris,SS0527 X,25.9,84.77,0.86,2512.2,1.96
Harris,SS0548 K,58.5,91.67,2.45,58752.5,0.0
Harris,SS0548 L,62.63,94.57,2.58,29360.07,28.49
Harris,SS0548 R,61.99,92.85,2.59,29116.1,27.13
Harris,UA0090 A,70.69,92.36,2.52,3565.44,139.3
Harris,UA0090 K,20.68,96.25,1.49,23009.25,74.66
Harris,UA0090 L,69.99,92.48,2.8,26103.81,162.1
Harris,UA0090 R,71.21,94.66,2.79,26442.1,165.49
Harris,UA0090 X,78.98,93.41,2.74,4264.38,117.27
Harris,US0059 A,61.42,86.42,2.46,9691.14,1580.29
Harris,US0059 L,80.48,92.25,3.09,96839.12,1484.07
Harris,US0059 R,80.94,92.24,3.11,96616.62,1484.08
Harris,US0059 X,70.7,85.96,2.73,9112.79,1343.55
Harris,US0090 A,73.48,83.9,3.05,2848.32,583.02
Harris,US0090 K,89.62,100.0,3.21,15813.02,621.51
Harris,US0090 L,88.65,92.53,3.57,13369.86,798.42
Harris,US0090 R,77.08,84.39,3.32,11322.38,854.18
Harris,US0090 X,62.94,80.14,2.78,1878.35,544.76
Harris,US0290 A,75.15,89.45,2.95,13788.64,1616.41
Harris,US0290 K,99.93,99.93,4.06,44426.0,201.8
Harris,US0290 L,85.54,92.53,3.49,59025.46,1359.45
Harris,US0290 R,84.07,90.75,3.5,58473.09,1355.74
Harris,US0290 X,77.83,91.33,3.08,14529.44,1531.75
Harrison,FM0134 K,52.0,95.92,1.63,1185.67,1683.25
Harrison,FM0450 K,59.3,100.0,2.61,3804.93,11909.15
Harrison,IH0020 A,60.04,96.34,1.52,286.01,1112.51
Harrison,SH0043 K,60.86,80.04,2.74,11101.52,6063.26
Harrison,SL0281 L,61.25,100.0,2.53,10276.0,666.86
Harrison,SL0281 R,77.43,100.0,2.83,9621.71,894.0
Harrison,SS0156 K,41.33,72.22,2.39,4944.94,0.0
Harrison,US0059 K,40.51,86.27,2.26,22180.43,7020.99
Harrison,US0080 K,17.0,74.0,1.73,21735.0,798.0
Hartley,US0087 K,99.81,100.0,3.88,11383.78,3055.19
Hays,RM0012 K,,,2.98,11960.0,118464.0
Hemphill,FM2388 K,,100.0,0.1,2049.0,133.0
Hemphill,US0060 K,87.2,95.7,3.37,6180.0,2938.0
Henderson,BU0175GK,80.39,100.0,2.89,6189.55,23.43
Henderson,BU0175GL,15.22,93.69,1.51,3959.07,8.53
Henderson,BU0175GR,1.0,1.0,1.73,3959.07,8.53
Henderson,FM0315 K,,,3.28,3499.0,2500.0
Henderson,FM0317 K,75.64,99.73,2.86,8293.99,683.69
Henderson,SH0031 K,79.98,96.33,3.08,11578.15,4576.01
Henderson,SH0031 R,94.0,100.0,3.07,3694.0,11095.0
Henderson,SH0155 K,100.0,100.0,3.63,12004.11,591.85
Henderson,SH0198 K,90.86,93.03,3.44,16558.81,1043.74
Henderson,SH0198 L,100.0,100.0,3.54,4266.17,20.31
Henderson,SH0198 R,92.34,100.0,3.36,4542.36,215.64
Henderson,SH0334 K,79.89,97.68,2.89,18994.58,397.93
Henderson,US0175 A,100.0,100.0,3.08,99.0,3781.48
Henderson,US0175 K,97.64,99.03,3.74,12455.02,1370.3
Henderson,US0175 L,63.33,95.2,2.42,4173.44,1959.76
Henderson,US0175 R,83.24,99.76,2.84,4175.71,1949.68
Hidalgo,BU0281WL,68.0,100.0,2.65,9050.0,
Hidalgo,FM0490 K,5.0,41.0,0.9,1474.0,6113.0
Hidalgo,FM1015 K,30.5,99.0,1.9,20481.0,0.0
Hidalgo,FM1016 K,15.28,94.84,0.63,11268.33,14.96
Hidalgo,FM1925 K,24.14,97.21,1.7,21344.08,1889.91
Hidalgo,FM2812 K,61.66,99.5,2.53,8310.77,210.99
Hidalgo,IH0002 R,,,3.52,30056.0,12811.0
Hidalgo,IH0069CA,90.0,100.0,2.5,1964.0,
Hidalgo,IH0069CX,100.0,100.0,2.5,453.0,
Hidalgo,SH0107 K,26.67,99.83,1.5,17023.54,16.99
Hidalgo,SH0186 K,23.46,92.31,1.08,3462.65,0.08
Hidalgo,SH0336 R,83.67,100.0,3.19,7009.67,153.0
Hidalgo,SS0115 L,,,2.87,12007.0,1969.5
Hidalgo,SS0115 R,,,2.65,12007.0,1969.5
Hidalgo,SS0433 K,0.51,99.5,0.45,11751.5,4.5
Hidalgo,SS0600 K,17.39,99.92,1.01,15838.95,357.48
Hidalgo,UP0281 A,56.5,97.0,2.49,5829.0,12.5
Hidalgo,UP0281 K,85.7,100.0,3.38,15680.92,74.03
Hidalgo,UP0281 L,71.0,92.0,3.2,8414.5,12.0
Hidalgo,UP0281 R,81.0,100.0,3.34,8414.5,12.0
Hidalgo,UP0281 X,69.5,100.0,2.79,5835.5,12.5
Hidalgo,US0281 K,2.0,100.0,0.95,8549.0,2085.0
Hidalgo,US0281 L,89.0,100.0,2.99,8613.5,183.0
Hidalgo,US0281 R,82.0,100.0,2.81,8613.5,183.0
Hill,FM1242 K,36.33,89.33,1.67,1538.33,400.0
Hill,FM2959 K,82.0,100.0,2.03,462.5,2955.5
Hill,IH0035 A,75.82,89.35,2.64,2783.6,1298.29
Hill,IH0035 L,88.25,88.29,3.91,29860.99,692.47
Hill,IH0035 R,94.39,94.5,3.96,29534.24,1002.85
Hill,IH0035 X,61.25,87.35,2.32,2698.38,1105.33
Hill,IH0035EL,98.66,99.58,3.94,16544.73,172.63
Hill,IH0035ER,100.0,100.0,4.18,17378.0,230.0
Hill,SH0022 K,41.98,91.72,2.19,11628.63,7879.97
Hill,SH0081 K,63.0,100.0,2.08,1547.0,248.0
Hill,SH0081 L,80.66,86.89,2.64,2178.29,2569.69
Hill,SH0081 R,79.04,88.38,2.55,2155.36,2530.9
Hill,SH0081 X,86.82,86.82,2.85,68.65,160.84
Hill,SS0579 L,68.77,93.9,2.24,1710.74,314.38
Hill,SS0579 R,89.16,99.68,2.79,1576.82,493.07
Hopkins,FM0499 K,16.88,26.92,1.96,484.23,360.45
Hopkins,IH0030 A,100.0,100.0,3.78,2016.33,4100.67
Hopkins,IH0030 L,56.19,58.22,3.62,13263.03,3791.47
Hopkins,IH0030 R,50.86,51.65,3.67,13531.0,3963.21
Hopkins,IH0030 X,86.96,86.96,3.36,2122.35,4437.25
Hopkins,SH0011 K,72.11,83.26,3.0,9051.42,3745.64
Hopkins,SH0019 K,90.72,98.51,3.13,8230.66,1816.12
Houston,SH0007 K,34.0,94.0,2.25,4242.25,706.47
Houston,SH0021 K,100.0,100.0,3.02,2670.76,1596.75
Houston,SL0304 K,48.71,89.41,2.26,5344.97,10328.18
Howard,SH0350 K,22.0,100.0,1.7,6569.0,86.0
Howard,US0087 K,37.0,87.0,2.19,17952.0,1192.0
Hudspeth,BI0010CK,40.5,40.5,3.5,484.5,167.5
Hudspeth,IH0010 L,90.53,90.66,3.96,7236.1,796.54
Hudspeth,IH0010 R,95.01,95.47,3.98,7230.97,795.95
Hunt,BU0067TL,65.74,83.4,2.38,1507.89,664.82
Hunt,BU0067TR,69.98,85.6,2.39,1520.18,674.61
Hunt,FM1903 K,69.0,100.0,2.15,2383.5,451.5
Hunt,IH0030 A,76.25,80.5,2.98,4467.5,1259.0
Hunt,IH0030 L,67.39,69.76,3.32,23455.18,3113.23
Hunt,IH0030 R,100.0,100.0,4.15,22772.11,2299.36
Hunt,IH0030 X,100.0,100.0,3.46,1243.75,1243.75
Hunt,SH0034 K,57.0,91.5,2.54,19929.5,744.0
Hunt,SH0034 L,87.5,100.0,2.47,3054.5,123.5
Hunt,SH0034 R,47.44,100.0,1.8,4971.57,916.43
Hunt,SH0276 K,,,3.39,5308.0,25.49
Hunt,SS0302 K,71.69,100.0,2.7,4636.84,307.0
Hunt,SS0302 L,81.57,95.78,2.4,1875.77,289.48
Hunt,SS0302 R,78.77,99.41,2.22,1873.27,289.46
Hunt,US0069 K,74.75,83.68,3.39,18625.82,6638.72
Hunt,US0069 L,60.16,79.15,2.8,7715.64,2067.3
Hunt,US0069 R,59.58,86.08,2.65,7704.39,1836.82
Hunt,US0380 K,99.94,100.0,3.95,9734.42,6.14
Hunt,US0380 R,99.69,100.0,3.53,6388.02,619.12
Jackson,SH0111 K,36.25,74.75,1.68,8525.0,6459.5
Jackson,SL0521 K,40.25,95.5,1.6,2079.5,101.25
Jackson,US0059 A,13.56,43.66,1.25,256.23,3909.21
Jackson,US0059 X,31.45,65.46,1.42,350.01,3071.31
Jasper,BU0096EK,45.5,100.0,1.65,1552.0,
Jasper,FM0105 K,90.67,100.0,3.13,8273.17,2316.67
Jasper,FM0776 K,1.03,74.73,0.15,1962.65,0.04
Jasper,FM2245 K,1.0,100.0,0.1,559.0,
Jasper,FM2246 K,98.25,98.25,3.8,4447.25,295.5
Jasper,US0096 A,41.18,95.08,1.44,3191.24,1162.09
Jasper,US0096 K,85.48,87.69,3.72,10595.15,1205.43
Jasper,US0096 L,85.24,88.66,3.59,4870.55,1264.24
Jasper,US0096 R,92.8,97.14,3.6,4977.49,1057.56
Jasper,US0096 X,37.43,92.21,1.38,2457.82,1200.88
Jasper,US0190 K,,,3.2,3974.0,5948.0
Jeff Davis,IH0010 L,96.92,96.95,4.03,6584.22,461.74
Jeff Davis,IH0010 R,99.93,99.97,4.01,6590.28,475.18
Jefferson,FM0364 K,93.26,98.59,3.57,13915.86,2683.35
Jefferson,FM0364 L,96.0,100.0,3.12,3588.0,1427.0
Jefferson,FM0364 R,98.0,100.0,3.19,3588.0,1435.0
Jefferson,FM0365 K,48.95,92.78,2.29,13436.14,853.33
Jefferson,FM0366 K,67.51,89.05,2.76,12903.99,7387.38
Jefferson,FM0366 L,21.56,53.86,1.75,6450.69,329.71
Jefferson,FM0366 R,21.9,51.6,2.01,6450.64,320.26
Jefferson,FM0823 K,78.0,100.0,2.3,4700.0,0.0
Jefferson,FM3514 L,77.11,100.0,2.32,1272.41,6.0
Jefferson,FM3514 R,68.02,100.0,2.15,1265.26,6.0
Jefferson,IH0010 A,46.42,72.69,2.24,4026.41,1956.07
Jefferson,IH0010 L,75.61,95.49,2.97,43270.19,2376.92
Jefferson,IH0010 R,78.26,93.13,3.07,43649.09,2423.59
Jefferson,IH0010 X,42.32,67.89,2.13,3881.68,1833.92
Jefferson,SH0073 A,22.35,28.12,2.56,2305.45,1197.71
Jefferson,SH0073 L,22.33,33.96,2.87,13388.46,837.24
Jefferson,SH0073 R,28.21,38.36,2.95,13614.17,833.37
Jefferson,SH0073 X,22.03,39.62,2.09,1927.89,1835.43
Jefferson,SH0082 K,59.61,89.47,2.48,5803.72,1753.69
Jefferson,SH0087 K,3.61,4.81,2.38,5790.83,2704.65
Jefferson,SH0087 R,26.91,57.67,2.18,10201.54,5805.11
Jefferson,SH0105 K,85.19,95.52,3.24,14787.42,732.42
Jefferson,SH0347 K,31.84,65.88,2.22,19151.77,3914.59
Jefferson,SH0347 L,27.11,51.53,2.41,10577.47,2042.6
Jefferson,SH0347 R,31.12,57.69,2.42,10567.85,2030.74
Jefferson,SS0093 K,23.11,99.99,1.24,7431.94,13.34
Jefferson,SS0136 K,59.14,77.86,2.4,2101.35,2075.98
Jefferson,SS0215 K,12.7,94.46,0.75,10004.7,3.48
Jefferson,SS0215 L,6.21,45.41,1.86,4909.95,0.1
Jefferson,SS0215 R,14.6,52.4,1.52,4909.97,0.1
Jefferson,SS0380 A,32.86,62.6,1.36,1777.31,662.09
Jefferson,SS0380 K,97.22,99.1,4.69,6886.12,162.25
Jefferson,SS0380 L,34.52,99.46,1.63,11884.49,14.31
Jefferson,SS0380 R,30.1,93.38,1.48,11883.91,14.33
Jefferson,SS0380 X,19.05,62.98,1.14,3263.16,765.76
Jefferson,US0069 A,44.16,57.71,2.39,5665.97,3174.96
Jefferson,US0069 L,50.23,66.47,2.77,23054.73,2305.4
Jefferson,US0069 R,48.46,62.22,2.78,22581.89,2179.95
Jefferson,US0069 X,38.69,60.23,2.22,4920.3,3379.36
Jefferson,US0090 A,7.0,26.0,0.9,49.0,0.0
Jefferson,US0090 K,63.22,89.45,2.61,29748.07,1840.09
Jefferson,US0090 L,29.52,73.03,1.98,10304.17,1593.17
Jefferson,US0090 R,55.91,70.45,2.87,5525.03,1957.7
Jefferson,US0090 X,40.57,52.14,1.79,28.86,89.5
Johnson,BI0035VR,100.0,100.0,3.7,2435.0,11.05
Johnson,BU0067MK,55.98,93.52,2.5,17554.45,2388.14
Johnson,BU0067ML,88.94,100.0,2.98,4131.73,3403.97
Johnson,BU0067MR,67.37,98.05,2.66,4347.26,380.28
Johnson,FM0731 L,87.45,97.45,3.06,5568.08,752.91
Johnson,FM0731 R,84.82,96.27,3.01,5559.02,720.49
Johnson,FM0917 L,98.35,98.35,4.0,5784.44,3039.34
Johnson,FM0917 R,99.77,99.77,4.06,5783.09,3040.73
Johnson,IH0035WL,89.89,90.04,3.75,15105.87,3258.34
Johnson,IH0035WR,90.36,91.93,3.66,15442.01,3403.47
Johnson,SH0171 K,14.0,38.0,2.1,14364.0,900.0
Johnson,SH0174 A,0.0,89.62,0.0,167.88,530.5
Johnson,SH0174 L,45.27,81.29,2.05,18508.55,1081.25
Johnson,SH0174 R,49.81,82.06,2.28,17694.74,700.07
Johnson,US0067 A,99.0,100.0,2.72,1088.0,2772.0
Johnson,US0067 K,90.76,93.89,3.46,12545.5,3293.36
Johnson,US0067 L,97.22,97.34,3.9,6356.6,3069.54
Johnson,US0067 R,79.55,79.75,3.72,6881.16,3111.98
Johnson,US0067 X,92.07,92.07,2.98,2396.2,2647.8
Johnson,US0287 L,68.74,91.86,2.6,12429.88,1208.79
Johnson,US0287 R,67.39,90.41,2.71,12233.34,1018.39
Jones,FM1082 K,21.0,100.0,1.2,476.0,376.0
Jones,US0083 X,100.0,100.0,3.09,1799.0,297.83
Karnes,US0181 L,73.0,100.0,2.73,8142.5,1707.5
Karnes,US0181 R,69.0,100.0,2.66,8142.5,1707.5
Kaufman,BS0034AK,84.0,100.0,2.9,3312.0,
Kaufman,BS0034AR,,100.0,,3931.0,
Kaufman,FM0148 K,22.47,99.98,1.09,11655.01,22.45
Kaufman,FM0548 K,24.17,88.67,1.81,23167.67,8210.6
Kaufman,FM0740 K,43.94,99.82,2.2,12419.88,14590.6
Kaufman,FM0741 K,94.59,99.99,3.53,5912.32,65.84
Kaufman,FM0741 L,98.23,98.5,3.48,3398.77,3515.98
Kaufman,FM0741 R,95.93,95.93,3.68,3398.49,3512.63
Kaufman,FM0986 K,21.09,80.97,1.65,6943.09,13566.42
Kaufman,IH0020 A,48.53,98.73,1.53,2542.56,1511.4
Kaufman,IH0020 L,81.26,88.7,3.22,13964.35,1433.05
Kaufman,IH0020 R,84.73,90.4,3.27,13541.21,1199.63
Kaufman,IH0020 X,0.0,100.0,0.0,130.56,663.0
Kaufman,SH0034 K,44.5,66.67,2.69,8145.51,10013.99
Kaufman,SH0034 L,54.33,75.66,2.5,6549.44,4551.98
Kaufman,SH0034 R,52.13,67.19,2.63,6475.16,4689.58
Kaufman,SH0198 K,90.23,95.03,3.32,16016.5,381.03
Kaufman,SH0205 K,5.68,24.68,1.55,8134.74,1996.44
Kaufman,SH0205 L,11.56,29.99,1.82,7974.47,797.54
Kaufman,SH0205 R,12.6,55.3,1.65,7968.08,781.96
Kaufman,SS0226 K,1.0,100.0,0.1,7857.0,
Kaufman,SS0557 L,71.56,85.3,2.86,13425.41,1056.89
Kaufman,SS0557 R,73.84,97.96,2.74,13456.42,1486.15
Kaufman,SS0557 X,39.1,63.07,1.93,818.87,1653.1
Kaufman,US0080 A,78.0,100.0,2.3,1130.0,370.0
Kaufman,US0080 L,62.66,90.31,2.64,10335.69,913.52
Kaufman,US0080 R,40.98,82.66,2.23,12393.28,1428.45
Kaufman,US0080 X,26.25,55.5,1.81,5552.75,600.5
Kaufman,US0175 A,67.74,76.85,2.76,2031.47,4741.87
Kaufman,US0175 K,92.92,100.0,3.44,7272.22,113.83
Kaufman,US0175 L,78.13,84.35,3.15,6456.46,1500.78
Kaufman,US0175 R,89.54,92.47,3.28,5420.23,2322.08
Kaufman,US0175 X,51.09,59.65,2.69,2543.54,5498.04
Kendall,IH0010 L,98.59,100.0,4.41,27880.53,399.18
Kendall,IH0010 R,100.0,100.0,3.77,28126.99,493.06
La Salle,FM0624 K,38.0,100.0,1.53,2453.0,
La Salle,IH0035 A,35.46,99.44,1.53,2180.26,
La Salle,IH0035 R,70.81,70.81,3.7,7550.61,5638.14
La Salle,IH0035 X,69.65,92.66,2.0,880.45,
La Salle,SH0097 K,1.0,78.0,0.3,7700.33,
Lamar,SH0019 K,34.78,45.57,2.76,5143.25,723.85
Lamar,SH0019 R,77.3,97.75,2.7,3704.54,2432.55
Lamar,US0082 K,100.0,100.0,3.55,23500.0,529.0
Lamar,US0082 L,65.66,78.4,3.2,8846.98,5522.38
Lamar,US0082 R,69.39,80.03,3.27,8938.88,5567.53
Lamar,US0271 K,41.45,73.09,2.3,14550.91,3233.55
Lamar,US0271 L,43.83,46.17,3.24,6190.86,796.98
Lamar,US0271 R,82.14,82.14,3.78,9965.0,783.71
Lamb,SL0430 K,71.14,100.0,2.26,715.98,0.04
Lampasas,FM2657 K,31.5,100.0,1.92,8852.25,285.25
Lampasas,US0190 K,78.85,100.0,3.06,14472.95,96.25
Leon,IH0045 L,64.4,69.3,3.79,11096.11,1585.13
Leon,IH0045 R,73.53,79.54,3.85,11130.38,1584.99
Leon,SH0075 K,71.48,100.0,2.53,3711.83,836.58
Leon,US0079 K,94.35,94.67,3.57,11544.24,1884.7
Leon,US0079 L,88.55,97.93,3.14,6480.96,770.63
Leon,US0079 R,96.76,100.0,3.7,6480.85,767.84
Liberty,BS0105TK,40.54,85.72,2.29,11072.14,12009.25
Liberty,FM0163 K,99.03,100.0,3.44,1688.11,497.22
Liberty,FM1960 K,,,3.63,6951.0,1818.0
Liberty,IH0069 L,99.64,100.0,3.4,27374.19,991.6
Liberty,IH0069 R,92.43,92.43,3.8,27255.24,1339.95
Liberty,IH0069 X,100.0,100.0,4.0,2649.79,152.9
Liberty,SH0105 K,74.16,97.35,2.84,8216.42,3911.67
Liberty,SH0146 K,50.14,76.18,2.64,7739.48,3514.99
Liberty,SH0146 L,9.0,47.33,1.38,4662.0,100.17
Liberty,SH0146 R,27.32,93.46,1.88,4661.83,99.32
Liberty,SH0321 K,22.55,100.0,1.14,17794.0,15.73
Liberty,SH0321 R,26.61,46.01,2.2,4943.01,692.31
Liberty,SL0573 K,10.0,16.0,2.5,8600.0,0.0
Liberty,SL0573 L,63.31,67.97,2.99,2878.47,98.0
Liberty,SL0573 R,44.71,52.24,2.66,2985.33,291.21
Liberty,US0059 A,100.0,100.0,4.17,254.0,17.48
Liberty,US0059 L,74.1,92.99,2.89,13210.39,1424.74
Liberty,US0059 R,48.24,57.98,2.88,14351.76,1615.94
Liberty,US0090 K,69.03,78.72,3.16,15335.89,4876.06
Liberty,US0090 L,66.62,76.79,3.32,8468.52,1737.28
Liberty,US0090 R,73.43,77.22,3.4,6868.72,1571.59
Limestone,SL0442 K,67.2,86.93,1.96,406.95,461.14
Lipscomb,FM2741 K,38.07,78.98,1.8,827.43,673.75
Live Oak,US0059 L,,,3.51,3597.0,
Lubbock,BU0087GK,100.0,100.0,3.3,3400.0,487.0
Lubbock,FM0179 K,67.25,100.0,2.33,2901.75,1244.75
Lubbock,FM0835 K,44.65,66.66,3.0,3021.83,63.81
Lubbock,FM2255 K,81.16,99.63,3.06,23108.92,3031.39
Lubbock,IH0027 A,84.67,97.3,2.93,3884.55,528.09
Lubbock,IH0027 L,74.7,76.28,3.5,11883.91,521.36
Lubbock,IH0027 R,76.0,77.23,3.53,11875.37,521.35
Lubbock,IH0027 X,76.6,91.41,2.9,6221.2,773.93
Lubbock,SH0114 K,78.67,100.0,2.95,24569.57,106.48
Lubbock,SH0114 L,85.55,95.95,3.05,13911.04,129.26
Lubbock,SH0114 R,86.89,92.89,3.32,13755.37,125.82
Lubbock,SL0289 A,65.63,99.94,2.37,5361.53,15.84
Lubbock,SL0289 L,79.48,99.79,3.24,24131.95,25.07
Lubbock,SL0289 R,89.52,99.9,3.16,24131.18,25.09
Lubbock,SL0289 X,75.48,99.97,2.65,1188.1,13.41
Lubbock,SS0326 A,99.33,100.0,2.23,230.0,0.0
Lubbock,SS0326 L,62.44,84.96,2.59,3226.89,0.65
Lubbock,SS0326 R,81.89,98.99,2.75,3226.85,0.64
Lubbock,SS0327 A,90.0,100.0,3.0,9748.0,4.0
Lubbock,SS0327 L,84.91,99.99,2.95,5838.9,1.46
Lubbock,SS0327 R,79.9,96.66,3.08,8179.29,23.19
Lubbock,SS0327 X,30.71,100.0,1.05,2849.96,6.43
Lubbock,SS0331 K,45.0,100.0,2.15,2009.5,2.75
Lubbock,US0062 A,72.63,99.15,2.77,6069.74,140.43
Lubbock,US0062 K,78.0,100.0,2.8,7690.0,152.0
Lubbock,US0062 L,96.57,99.96,3.7,17781.63,113.57
Lubbock,US0062 R,98.07,99.22,3.98,18221.46,119.04
Lubbock,US0062 X,77.77,99.79,2.89,5186.56,112.75
Lubbock,US0082 A,75.02,97.52,2.91,5734.8,949.41
Lubbock,US0082 L,81.79,98.46,3.38,13156.34,827.52
Lubbock,US0082 R,84.29,97.22,3.46,13247.61,774.57
Lubbock,US0082 X,69.32,96.44,2.8,5806.12,737.43
Lubbock,US0084 A,64.9,100.0,1.7,93.9,257.12
Lubbock,US0087 A,71.0,100.0,2.7,6753.0,
Lubbock,US0087 L,91.08,100.0,3.42,6206.61,776.74
Lubbock,US0087 R,100.0,100.0,3.63,6206.61,776.74
Lubbock,US0087 X,98.5,100.0,3.2,6040.0,
Marion,SH0043 K,,,3.1,1115.0,439.0
Marion,US0059 K,100.0,100.0,3.77,8322.44,1335.63
Marion,US0059 L,95.48,95.48,4.23,3834.48,763.95
Marion,US0059 R,89.05,89.05,4.14,3834.53,765.92
Matagorda,BS0035HK,0.0,0.0,3.23,1335.29,
Matagorda,FM0521 K,,,2.24,2278.0,536.0
Matagorda,FM2031 K,,,2.61,822.0,202.0
Matagorda,SH0035 K,40.25,40.5,3.22,4200.0,143.0
Matagorda,SH0035 L,59.14,66.16,2.93,3814.29,199.34
Matagorda,SH0035 R,76.92,76.92,3.12,2023.08,150.31
Maverick,BU0277NK,17.25,100.0,1.0,11728.33,152.24
Maverick,FM3443 K,10.0,92.33,1.3,19648.0,90.0
Maverick,US0277 K,45.5,100.0,2.25,21656.5,0.0
Maverick,US0277 L,49.68,95.41,2.35,11255.21,769.38
Maverick,US0277 R,60.95,100.0,2.52,11189.0,748.74
Mcculloch,FM0714 K,1.0,1.0,0.1,1684.0,22.0
Mcculloch,US0190 L,1.0,13.67,0.32,2904.67,10.33
Mcculloch,US0190 R,1.0,2.33,0.31,2610.67,14.33
Mclennan,BU0077LA,35.55,70.43,1.56,1450.72,3352.11
Mclennan,BU0077LK,14.0,56.0,2.6,4836.5,378.5
Mclennan,BU0077LL,39.4,64.53,2.32,5234.18,3000.31
Mclennan,BU0077LR,47.28,65.98,2.54,5260.98,2779.1
Mclennan,BU0077LX,31.59,67.9,1.52,1364.5,3274.49
Mclennan,FM0185 K,,,2.95,8406.0,6895.0
Mclennan,FM0434 L,1.0,3.0,2.39,6193.0,564.0
Mclennan,FM0434 R,33.0,100.0,2.0,6193.0,564.0
Mclennan,FM1858 R,62.0,100.0,2.06,1196.0,32.0
Mclennan,FM2113 K,96.51,100.0,3.41,4647.92,2311.43
Mclennan,FM2417 L,18.18,73.94,1.76,4916.87,818.67
Mclennan,FM2417 R,33.43,78.6,2.08,4945.17,656.57
Mclennan,FM2837 K,80.5,100.0,2.85,3824.0,421.0
Mclennan,FM3476 K,28.31,70.08,2.18,24156.06,361.47
Mclennan,IH0035 A,74.59,84.86,2.9,2808.38,901.88
Mclennan,IH0035 L,80.63,82.84,3.71,39394.31,931.06
Mclennan,IH0035 R,83.05,85.78,3.73,39878.66,870.11
Mclennan,IH0035 X,72.22,82.69,2.99,5007.05,885.3
Mclennan,SH0006 A,84.49,98.78,3.15,13591.43,2702.74
Mclennan,SH0006 L,,,3.77,13414.0,2842.5
Mclennan,SH0006 R,,,3.78,13414.0,2842.5
Mclennan,SH0006 X,98.47,99.24,3.68,14497.82,2772.87
Mclennan,SL0002 L,25.76,73.58,1.85,8135.78,157.84
Mclennan,SL0002 R,3.19,6.32,2.34,8721.15,4.22
Mclennan,SL0396 L,15.0,39.0,2.13,9690.0,1906.5
Mclennan,SL0396 R,61.15,91.75,2.74,12591.38,87.9
Mclennan,SL0484 L,10.6,99.73,0.48,3921.42,44.75
Mclennan,SL0484 R,36.48,75.79,1.98,4425.85,15.28
Mclennan,SL0484 X,15.85,90.75,0.48,551.65,18.7
Mclennan,SL0574 L,99.98,99.98,4.09,2098.83,
Mclennan,SL0574 R,99.28,99.28,4.07,2099.2,
Mclennan,SS0299 K,76.5,100.0,3.35,4808.0,3.0
Mclennan,SS0299 L,40.21,98.59,1.66,2994.05,0.75
Mclennan,SS0299 R,43.39,95.93,1.89,2994.1,0.75
Mclennan,US0084 A,51.04,96.62,1.73,2361.4,852.01
Mclennan,US0084 L,56.92,85.13,2.63,11803.45,2694.82
Mclennan,US0084 R,56.7,83.95,2.68,11682.86,2708.44
Mclennan,US0084 X,33.65,88.86,1.3,2187.18,859.06
Mcmullen,SH0072 K,19.0,100.0,1.6,3408.0,
Midland,BI0020EA,100.0,100.0,3.63,3467.0,1372.75
Midland,BI0020EL,99.26,99.87,3.44,7693.93,695.56
Midland,BI0020ER,97.3,97.9,3.58,7730.55,663.05
Midland,BS0158BA,2.74,100.0,0.85,11603.85,
Midland,BS0158BX,6.51,52.41,1.4,6491.8,
Midland,BS0349CL,10.06,88.76,1.09,9576.85,81.11
Midland,BS0349CR,3.44,65.38,0.98,9576.85,81.11
Midland,FM0868 K,48.25,100.0,2.3,27824.5,458.0
Midland,SH0158 A,9.0,50.5,1.77,19624.5,47.5
Midland,SH0158 L,1.0,1.0,1.99,6402.0,202.0
Midland,SH0349 L,5.25,52.69,0.94,6932.19,114.47
Midland,SH0349 R,8.25,50.62,1.32,6932.19,113.8
Midland,SL0250 A,33.09,100.0,1.72,8959.76,0.01
Midland,SL0250 X,39.0,100.0,1.6,9354.08,0.01
Midland,SS0269 K,0.52,23.7,0.43,4647.86,0.0
Milam,FM2095 K,11.67,100.0,0.9,1606.67,35.67
Milam,US0077 K,90.97,94.08,3.5,12558.3,1898.0
Milam,US0077 L,99.28,99.28,4.08,4995.26,747.23
Milam,US0077 R,99.76,99.81,3.87,4969.1,733.44
Milam,US0079 K,73.34,99.91,2.84,12753.73,4257.12
Mitchell,BI0020HK,40.17,62.83,1.83,500.0,1690.2
Mitchell,SH0163 K,61.0,68.25,2.45,1641.25,633.0
Montague,FM0677 K,100.0,100.0,3.03,276.0,50.5
Montague,US0081 K,97.05,100.0,3.33,7999.54,9832.22
Montague,US0081 L,72.37,82.89,3.21,8991.78,1329.17
Montague,US0081 R,71.34,81.61,3.19,9145.58,1293.35
Montague,US0287 R,79.97,86.2,3.08,8148.88,1312.65
Montgomery,FM0830 K,99.5,100.0,3.45,9023.5,0.0
Montgomery,FM1097 K,82.08,98.85,3.32,12502.64,78.16
Montgomery,FM1314 K,95.4,95.5,3.93,18614.16,568.87
Montgomery,FM1484 K,99.99,99.99,4.16,9918.14,12.64
Montgomery,FM1485 K,55.43,98.56,2.36,20554.49,565.34
Montgomery,FM1488 K,94.4,96.83,3.77,32296.7,377.3
Montgomery,FM1774 K,98.53,99.77,3.74,17463.0,720.77
Montgomery,FM1774 L,90.2,94.49,3.51,8975.18,2832.8
Montgomery,FM1774 R,98.74,100.0,3.68,8956.77,2832.8
Montgomery,FM2090 K,21.75,87.68,1.28,9104.1,109.95
Montgomery,FM2854 K,87.19,87.19,3.78,10308.39,759.47
Montgomery,FM2978 K,71.61,100.0,2.69,25405.8,135.51
Montgomery,IH0045 A,88.31,94.59,3.19,8398.76,1046.29
Montgomery,IH0045 L,95.65,96.15,3.87,63969.18,1278.32
Montgomery,IH0045 R,96.5,97.91,3.76,65488.61,1311.52
Montgomery,IH0045 X,86.55,94.67,3.15,8817.41,1044.22
Montgomery,IH0069 A,81.72,95.13,3.14,17049.51,1337.64
Montgomery,IH0069 L,96.49,97.67,3.94,47583.48,1222.45
Montgomery,IH0069 R,98.69,98.79,3.95,47498.78,1239.5
Montgomery,IH0069 X,79.99,92.93,3.11,10866.92,1284.32
Montgomery,SH0075 K,64.42,98.89,2.51,10765.21,50.94
Montgomery,SH0099 A,100.0,100.0,3.53,499.0,0.0
Montgomery,SH0099 L,100.0,99.58,4.33,15687.72,1761.39
Montgomery,SH0099 R,99.72,99.72,4.38,15778.83,1628.92
Montgomery,SH0105 K,94.24,97.88,3.65,27154.7,1297.3
Montgomery,SH0242 A,68.85,79.86,2.84,2205.44,1002.61
Montgomery,SH0242 K,89.32,93.75,3.43,32927.43,679.01
Montgomery,SH0242 L,35.28,89.67,1.71,7985.72,156.49
Montgomery,SH0242 R,46.14,77.98,2.22,7986.19,156.51
Montgomery,SH0242 X,58.92,79.62,2.58,3500.07,844.23
Montgomery,SH0249 A,99.48,100.0,3.59,12298.0,
Montgomery,SH0249 K,78.45,96.3,3.26,22986.82,534.7
Montgomery,SH0249 L,93.42,97.86,3.34,13977.52,760.43
Montgomery,SH0249 R,91.0,97.1,3.58,13928.08,789.5
Montgomery,SH0249 X,98.38,99.39,3.3,11873.0,
Montgomery,SL0336 K,94.15,96.74,3.49,14179.56,371.5
Montgomery,SL0336 L,49.1,98.04,1.84,9007.72,5.28
Montgomery,SL0336 R,36.12,82.57,1.79,9007.88,5.27
Montgomery,SL0494 K,75.03,100.0,2.75,8787.31,32.18
Montgomery,US0059 A,93.22,94.67,3.5,5923.86,614.26
Montgomery,US0059 L,60.34,67.97,3.26,28461.66,939.15
Montgomery,US0059 R,56.21,67.3,3.08,28439.74,931.31
Montgomery,US0059 X,90.6,94.07,3.55,9503.73,729.74
Moore,FM0722 K,40.25,100.0,1.55,3104.5,1773.67
Moore,SH0152 K,3.65,99.75,0.46,8591.14,15.27
Moore,US0087 K,43.83,97.08,2.19,13332.58,2890.42
Moore,US0287 L,99.09,99.1,4.21,3492.59,1909.88
Moore,US0287 R,93.13,99.04,3.88,3480.62,1869.8
Morris,US0259 K,48.69,50.7,2.96,3518.25,1630.15
Nacogdoches,FM0225 K,19.26,52.7,1.34,3101.22,133.48
Nacogdoches,US0059 K,84.33,84.33,4.08,29582.83,6451.0
Nacogdoches,US0059 L,26.0,86.5,2.27,12965.96,15407.22
Navarro,BI0045FA,44.0,98.0,1.75,3821.0,26.0
Navarro,BI0045FL,28.03,99.46,1.48,4408.11,1.07
Navarro,BI0045FR,46.19,99.83,2.14,4149.68,0.24
Navarro,BI0045FX,47.0,100.0,1.8,3829.0,26.0
Navarro,FM0055 K,18.81,38.78,1.85,1671.11,2626.86
Navarro,FM1126 K,,,2.47,998.0,4040.0
Navarro,FM2859 K,,,2.98,284.0,35568.0
Navarro,FM3041 K,31.82,86.6,1.34,1314.67,17.74
Navarro,IH0045 A,83.88,95.37,2.7,1256.08,775.26
Navarro,IH0045 L,89.81,91.17,3.69,17751.81,810.48
Navarro,IH0045 R,90.07,91.73,3.54,17803.15,824.26
Navarro,IH0045 X,70.05,82.1,2.44,1243.0,765.14
Navarro,SH0014 K,82.0,83.67,3.27,4541.0,9.33
Navarro,SH0031 K,51.7,63.5,2.88,12385.53,2054.12
Navarro,SH0031 L,67.63,74.62,3.35,3389.93,1352.94
Navarro,SH0031 R,68.44,71.69,3.32,4162.87,1738.84
Navarro,SS0263 K,,100.0,,23.0,21.0
Navarro,US0287 K,77.93,99.52,2.79,6511.12,2672.05
Navarro,US0287 L,100.0,100.0,3.05,2600.5,0.0
Navarro,US0287 R,0.0,100.0,0.0,2600.5,0.0
Nolan,BS0070GL,4.69,22.63,1.4,3199.78,58.0
Nolan,BS0070GR,15.77,63.53,1.72,3305.41,57.5
Nolan,BU0084JK,14.93,53.85,1.36,1597.93,42.0
Nueces,FM0665 K,61.19,94.19,2.81,4414.89,600.0
Nueces,FM3088 K,84.0,100.0,2.41,1716.0,9.0
Nueces,PR0022 L,,,3.29,16043.0,1620.0
Nueces,SH0358 L,,,2.9,32185.0,10378.5
Nueces,US0181 L,,,3.48,28189.0,562.27
Nueces,US0181 R,99.0,100.0,3.14,29221.38,714.25
Ochiltree,FM0377 K,6.76,100.0,0.48,4885.83,9.27
Oldham,IH0040 A,91.94,100.0,2.93,185.9,1583.98
Oldham,IH0040 L,95.85,96.51,4.2,6052.35,759.93
Oldham,IH0040 R,95.5,98.22,4.16,6072.27,729.84
Oldham,US0385 K,97.0,100.0,3.13,3879.0,314.0
Orange,BU0090YK,51.79,100.0,2.36,14473.04,3545.11
Orange,BU0090YL,51.63,100.0,2.35,7883.02,362.44
Orange,BU0090YR,38.12,94.72,2.14,7939.61,464.43
Orange,FM0105 K,33.79,55.01,2.26,21565.94,795.7
Orange,FM1006 K,14.4,77.3,1.34,7159.84,0.03
Orange,FM1006 L,4.33,65.24,0.49,2758.96,2405.02
Orange,FM1006 R,28.94,84.6,1.31,2737.61,2270.37
Orange,FM1130 K,64.24,97.21,2.6,6163.87,4971.83
Orange,FM1442 K,26.42,77.73,1.95,11637.62,1491.17
Orange,IH0010 A,77.5,92.64,2.74,5119.96,1711.19
Orange,IH0010 L,86.71,93.49,3.54,26689.24,2037.31
Orange,IH0010 R,87.96,95.3,3.54,27092.5,2203.88
Orange,IH0010 X,77.57,92.01,2.78,4867.4,1794.56
Orange,SH0062 A,91.29,91.29,3.03,320.77,2517.59
Orange,SH0062 K,55.33,77.83,2.67,13783.33,68.6
Orange,SH0062 X,100.0,100.0,3.0,285.9,3535.57
Orange,SH0073 K,16.98,26.72,2.74,27608.51,437.04
Orange,SH0073 L,46.05,62.44,2.93,13512.77,215.79
Orange,SH0073 R,33.57,50.89,2.71,14532.02,207.32
Orange,SH0087 K,47.89,81.92,2.53,16708.02,3088.24
Orange,SH0087 L,28.98,56.52,2.17,8374.78,2844.97
Orange,SH0087 R,30.58,56.65,2.27,8777.07,2700.36
Palo Pinto,FM0004 K,98.0,100.0,2.66,1179.0,2.0
Palo Pinto,IH0020 L,87.08,88.77,4.05,10137.4,381.77
Palo Pinto,IH0020 R,89.99,91.38,3.98,10080.8,384.4
Panola,BU0059DK,23.67,89.13,1.18,3468.33,0.3
Panola,BU0059DL,49.5,83.0,2.0,1319.25,34.5
Panola,BU0059DR,60.25,99.5,2.02,1319.25,34.5
Panola,BU0079GK,19.25,30.75,2.57,8558.0,264.0
Panola,SH0149 K,94.98,96.02,3.49,8157.45,11799.86
Panola,SH0149 L,64.1,67.43,3.09,3761.73,5800.39
Panola,SH0149 R,47.59,50.91,3.08,4331.82,6061.95
Panola,SH0315 K,100.0,100.0,3.57,8658.67,348.0
Panola,SS0572 K,92.5,95.5,3.15,3200.6,0.0
Panola,US0059 A,62.0,69.0,2.0,99.0,3299.0
Panola,US0059 L,77.22,88.82,3.22,6911.93,4474.02
Panola,US0059 R,73.36,82.46,3.3,6845.49,4471.53
Panola,US0079 K,77.83,97.1,2.8,7623.8,2723.66
Panola,US0079 L,61.83,77.57,2.75,5154.99,1135.74
Panola,US0079 R,46.14,58.81,2.76,5170.69,1127.93
Parker,FM0005 K,16.0,100.0,1.5,6196.5,4.0
Parker,FM1187 K,51.25,88.6,2.37,14231.9,2805.53
Parker,FM1187 L,90.61,98.21,3.12,7224.7,1630.64
Parker,FM1187 R,80.84,97.91,2.95,7224.47,1630.75
Parker,FM1884 K,25.52,91.25,1.8,4678.48,536.98
Parker,FM2552 K,28.89,89.03,1.41,10850.61,1.14
Parker,IH0020 A,89.78,98.41,3.15,8788.63,1462.17
Parker,IH0020 L,81.74,85.31,3.59,15231.52,1313.86
Parker,IH0020 R,78.75,83.83,3.53,14691.71,1206.96
Parker,IH0020 X,91.85,96.8,3.19,10339.24,1452.0
Parker,IH0030 A,81.39,87.94,3.34,373.34,186.3
Parker,IH0030 L,78.92,96.59,2.68,19450.83,39.22
Parker,IH0030 R,84.97,98.06,2.94,19450.83,39.22
Parker,IH0030 X,94.32,99.48,3.53,136.45,134.67
Parker,SH0171 K,40.58,95.46,2.12,18697.16,1297.87
Parker,SH0171 L,34.89,100.0,2.03,12011.47,467.5
Parker,SH0171 R,20.29,100.0,1.65,12014.82,473.33
Parker,SH0199 L,28.49,51.42,1.03,7655.14,34.42
Parker,SH0199 R,7.45,34.55,1.27,7600.52,12.97
Parker,US0180 A,,100.0,,135.0,351.0
Parker,US0180 L,24.79,100.0,1.76,11441.45,511.81
Parker,US0180 R,40.14,97.84,2.15,11468.28,776.53
Parker,US0180 X,,100.0,,135.0,351.0
Parmer,BS0214AK,1.0,100.0,0.1,2778.0,1168.33
Parmer,SH0086 K,63.62,65.5,2.76,1159.12,2302.12
Parmer,US0060 K,71.46,95.57,2.75,9536.88,4948.7
Polk,US0190 K,67.33,100.0,2.59,5524.75,9441.25
Potter,FM1719 K,48.5,75.0,2.58,5988.5,1146.5
Potter,IH0027 L,60.54,94.85,2.2,26205.38,3355.54
Potter,IH0027 R,60.5,99.92,2.27,26319.58,3210.17
Potter,IH0027 X,75.43,99.54,2.53,5290.0,3338.37
Potter,IH0040 A,65.73,89.13,2.55,3083.66,4679.16
Potter,IH0040 L,91.4,98.32,3.85,15771.63,3284.05
Potter,IH0040 R,91.15,95.72,3.46,14382.82,3322.78
Potter,IH0040 X,53.81,89.95,2.42,4503.74,4590.2
Potter,SL0279 R,0.0,100.0,0.0,3971.0,
Potter,SL0335 K,56.29,91.58,2.56,19726.73,3037.65
Potter,SL0335 R,100.0,100.0,4.1,2800.0,0.0
Potter,SL0395 L,13.67,75.33,0.77,5775.0,0.0
Potter,SL0395 R,5.17,75.67,0.77,5775.0,0.0
Potter,SS0468 K,27.7,95.62,1.35,5652.42,0.01
Potter,SS0591 K,0.0,100.0,0.0,2577.0,320.0
Potter,US0060 L,69.85,80.7,2.99,19792.93,955.35
Potter,US0060 R,43.98,65.44,2.27,15693.52,1344.01
Presidio,US0067 L,51.71,86.4,3.37,2159.42,339.98
Presidio,US0067 R,6.0,100.0,0.7,1980.0,408.98
Rains,FM2946 K,,,2.67,1885.0,464.0
Randall,IH0027 L,92.75,96.69,3.84,5389.42,1030.18
Randall,IH0027 R,98.04,98.44,4.19,5356.11,1014.61
Randall,IH0027 X,100.0,100.0,2.38,168.11,998.06
Randall,SH0217 K,0.13,100.0,0.0,4053.0,278.44
Randall,US0060 L,83.31,91.04,3.38,9885.13,750.12
Randall,US0060 R,84.97,85.89,3.51,9202.69,695.2
Real,RM0335 K,100.0,100.0,2.49,142.0,6879.0
Real,RM0337 K,100.0,100.0,3.5,2020.83,676.67
Real,US0083 K,99.95,99.95,3.61,4205.12,713.24
Red River,SH0037 K,,,3.31,2172.0,2410.0
Red River,US0271 K,,,3.8,4004.0,249.0
Reeves,IH0010 R,100.0,100.0,4.1,6850.0,135.0
Roberts,SH0070 K,,,2.56,1813.0,228.5
Rockwall,FM0549 K,80.48,100.0,2.85,5428.56,1266.83
Rockwall,FM0550 K,49.33,100.0,2.31,4975.0,21.0
Rockwall,FM0740 K,82.75,89.34,3.25,16623.67,2553.08
Rockwall,FM0740 L,53.44,95.4,2.42,12186.8,1600.92
Rockwall,FM0740 R,54.74,95.67,2.45,12188.11,1599.84
Rockwall,FM3097 K,73.91,74.62,3.77,18236.6,296.19
Rockwall,FM3097 L,91.37,96.11,3.15,10062.5,27.26
Rockwall,FM3097 R,99.93,100.0,3.71,10062.5,27.24
Rockwall,FM3549 K,78.0,98.71,3.06,4726.82,3.46
Rockwall,IH0030 A,61.99,97.0,2.4,7665.44,1808.91
Rockwall,IH0030 L,76.95,86.4,3.15,28544.04,1810.59
Rockwall,IH0030 R,74.46,81.99,3.17,28583.14,1811.11
Rockwall,IH0030 X,69.39,96.45,2.56,8851.31,1662.5
Rockwall,SH0066 K,91.22,100.0,3.43,16711.11,28.33
Rockwall,SH0066 L,78.11,97.43,3.1,11639.02,2040.84
Rockwall,SH0066 R,84.89,94.89,3.36,11722.45,2058.35
Rockwall,SH0205 K,40.08,100.0,2.13,21128.62,359.74
Rockwall,SH0205 L,82.71,94.39,3.02,14635.43,4447.04
Rockwall,SH0205 R,72.68,95.09,2.77,14634.52,4512.3
Rockwall,SH0276 K,96.81,99.93,3.41,16129.51,251.57
Rusk,FM0013 K,50.38,53.26,2.81,1770.0,1826.74
Rusk,SH0064 K,85.13,99.74,2.99,8240.5,759.03
Rusk,SL0571 L,24.92,100.0,0.73,2006.47,0.0
Rusk,SL0571 R,71.0,100.0,2.2,1526.0,0.0
Rusk,US0259 K,35.68,89.79,1.59,14049.58,868.7
Rusk,US0259 R,74.0,100.0,2.75,6246.0,30839.0
Sabine,SH0021 K,,,3.14,2610.0,47.22
San Augustine,SH0147 K,,,2.64,1193.0,467.89
San Jacinto,FM2914 K,1.0,100.0,0.3,1299.0,7.0
San Jacinto,FM3460 K,26.53,100.0,0.95,544.37,417.13
San Jacinto,US0059 A,90.85,93.5,3.44,1974.66,4570.63
San Jacinto,US0059 L,99.19,99.56,3.84,12782.23,3407.0
San Jacinto,US0059 R,98.93,98.93,3.89,12343.49,3578.43
San Jacinto,US0059 X,93.18,97.12,3.73,1558.62,3944.93
Sherman,US0287 K,66.16,95.68,2.54,4933.35,2141.93
Smith,IH0020 L,97.5,97.67,4.24,14116.07,3281.32
Smith,IH0020 R,92.35,94.94,4.06,14094.13,3198.58
Smith,SH0031 L,100.0,100.0,3.63,9970.0,356.0
Smith,SH0155 K,87.46,99.55,3.01,19161.25,177.76
Smith,SH0155 L,66.93,91.02,2.46,10016.05,46.24
Smith,SH0155 R,77.74,87.97,3.02,10011.79,46.62
Smith,SL0323 L,66.0,100.0,2.62,25638.0,242.0
Smith,SL0323 R,83.0,99.5,2.9,20909.5,187.5
Sutton,US0277 K,37.28,99.78,2.03,5131.23,509.25
Swisher,IH0027 L,92.06,92.35,3.89,4082.36,719.7
Swisher,IH0027 R,93.35,93.57,3.93,4082.62,719.71
Swisher,US0087 K,90.31,91.71,3.09,1772.95,1089.02
Swisher,US0087 L,77.09,77.09,3.05,709.18,790.77
Swisher,US0087 R,92.0,92.77,2.88,765.74,748.5
Tarrant,BS0114LK,50.59,96.96,2.17,22241.7,372.71
Tarrant,BS0114LL,24.8,100.0,1.0,8583.2,306.2
Tarrant,BS0114LR,18.8,88.6,0.98,8583.2,306.2
Tarrant,BU0287PK,58.9,81.29,2.78,15000.41,2444.75
Tarrant,BU0287PL,72.39,92.69,2.81,12374.98,607.79
Tarrant,BU0287PR,50.73,99.11,1.7,6396.81,230.81
Tarrant,FM0156 K,87.07,99.73,3.01,20746.83,670.3
Tarrant,FM0156 L,53.0,100.0,2.41,11144.0,
Tarrant,FM0156 R,52.0,100.0,2.38,11144.0,
Tarrant,FM0157 K,73.9,89.87,2.92,36548.3,2801.2
Tarrant,FM0157 L,30.52,89.4,1.39,7926.95,148.04
Tarrant,FM0157 R,50.06,88.06,2.24,8118.8,168.91
Tarrant,FM0730 L,58.2,100.0,2.32,7247.7,2698.4
Tarrant,FM0731 K,92.25,95.79,3.48,19827.28,421.46
Tarrant,FM0731 L,89.96,97.67,3.34,10025.84,190.21
Tarrant,FM0731 R,92.02,96.59,3.5,10027.76,190.25
Tarrant,FM1187 K,60.4,92.2,2.61,19655.01,221.19
Tarrant,FM1187 L,96.13,98.06,3.43,9275.95,1329.47
Tarrant,FM1187 R,93.09,96.07,3.36,9278.43,1328.58
Tarrant,FM1709 L,87.37,97.67,3.13,15363.99,78.21
Tarrant,FM1709 R,63.69,100.0,2.49,15383.58,73.95
Tarrant,FM1938 A,37.0,100.0,2.07,6649.0,
Tarrant,FM1938 K,90.76,96.71,3.23,25777.88,4293.8
Tarrant,FM1938 L,87.93,91.93,3.33,12776.79,580.26
Tarrant,FM1938 R,87.45,96.72,3.34,12800.0,1390.04
Tarrant,FM1938 X,43.0,72.0,2.5,5630.0,
Tarrant,FM2499 A,75.49,100.0,2.52,5968.62,
Tarrant,FM2499 L,63.01,97.17,2.48,21138.7,423.5
Tarrant,FM2499 R,65.35,94.23,2.53,21072.18,427.03
Tarrant,FM2499 X,96.86,96.86,2.68,99.0,
Tarrant,FM3029 K,30.43,90.28,1.53,25813.31,2.78
Tarrant,FM3029 L,100.0,100.0,3.46,20041.61,16.25
Tarrant,FM3029 R,88.98,94.94,3.08,20167.57,16.25
Tarrant,FM3479 K,76.29,92.34,2.71,5039.79,1.08
Tarrant,FM3479 L,27.74,93.32,1.42,2939.54,0.26
Tarrant,FM3479 R,66.75,91.71,2.51,3065.62,0.28
Tarrant,IH0020 A,71.68,95.47,2.4,4261.9,908.94
Tarrant,IH0020 L,85.14,92.36,3.18,48377.77,1015.9
Tarrant,IH0020 R,81.4,88.67,3.21,48570.17,1018.4
Tarrant,IH0020 X,70.94,96.4,2.47,6382.38,855.54
Tarrant,IH0030 A,66.37,89.32,2.37,4630.42,1279.9
Tarrant,IH0030 L,79.8,88.58,3.35,54973.63,1089.24
Tarrant,IH0030 R,84.34,92.93,3.29,56715.99,1088.87
Tarrant,IH0030 X,58.45,90.26,2.25,4864.43,1606.62
Tarrant,IH0035WA,69.26,89.1,2.44,3485.35,1155.95
Tarrant,IH0035WL,81.91,88.99,3.33,58200.44,1176.6
Tarrant,IH0035WR,77.87,86.34,3.24,58087.6,1234.09
Tarrant,IH0035WX,67.86,89.22,2.41,3392.27,1199.73
Tarrant,IH0635 L,20.73,100.0,0.85,39559.68,884.8
Tarrant,IH0635 R,40.54,85.19,1.43,39559.83,884.82
Tarrant,IH0820 A,85.75,96.44,2.85,4120.09,2196.57
Tarrant,IH0820 L,80.67,84.77,3.35,40016.54,2644.74
Tarrant,IH0820 R,82.8,86.16,3.38,39694.97,2647.67
Tarrant,IH0820 X,81.56,96.24,2.66,3921.51,2195.07
Tarrant,PA0205 L,65.93,87.08,2.75,10304.62,0.0
Tarrant,PA0205 R,68.97,83.88,2.86,10304.95,0.0
Tarrant,PA0211 L,37.9,62.68,2.48,4979.82,0.0
Tarrant,PA0211 R,49.2,75.11,2.54,4979.97,0.0
Tarrant,SH0010 L,83.14,100.0,3.16,9783.8,382.1
Tarrant,SH0010 R,73.92,97.29,2.96,9674.64,393.21
Tarrant,SH0026 A,77.35,88.98,2.97,10353.8,148.32
Tarrant,SH0026 K,68.37,88.62,2.87,31200.98,507.68
Tarrant,SH0026 L,77.08,97.0,2.86,30050.3,1085.3
Tarrant,SH0026 R,77.7,95.27,2.96,29602.13,1071.0
Tarrant,SH0026 X,89.07,99.41,3.16,17523.03,59.69
Tarrant,SH0114 A,71.74,98.14,2.58,7798.8,183.77
Tarrant,SH0114 L,85.04,95.86,3.35,45167.46,174.68
Tarrant,SH0114 R,77.16,90.24,3.22,44942.29,169.47
Tarrant,SH0114 X,75.64,98.27,2.73,6234.35,192.28
Tarrant,SH0121 A,72.64,94.89,2.61,6399.88,2830.87
Tarrant,SH0121 K,68.75,68.75,3.84,46062.5,390.69
Tarrant,SH0121 L,87.01,95.01,3.24,53898.64,2251.73
Tarrant,SH0121 R,92.64,98.03,3.31,54639.12,2154.88
Tarrant,SH0121 X,76.45,90.48,2.74,4661.94,2294.73
Tarrant,SH0170 A,86.02,86.02,3.59,15657.45,76.02
Tarrant,SH0170 L,77.54,88.78,3.1,12780.5,20.89
Tarrant,SH0170 R,61.79,84.86,2.58,12781.04,20.91
Tarrant,SH0170 X,78.46,78.46,3.51,15649.77,51.36
Tarrant,SH0174 A,0.0,100.0,0.0,99.0,0.0
Tarrant,SH0174 L,4.9,88.42,0.2,16998.12,0.0
Tarrant,SH0174 R,10.1,93.36,0.35,17277.45,0.28
Tarrant,SH0180 K,40.5,56.0,2.72,11479.25,43.33
Tarrant,SH0180 L,93.56,93.56,3.76,10810.98,270.7
Tarrant,SH0180 R,100.0,100.0,3.69,9499.05,377.76
Tarrant,SH0183 A,78.83,100.0,2.74,3971.5,302.33
Tarrant,SH0183 K,50.64,78.72,2.53,19682.48,3637.5
Tarrant,SH0183 L,80.65,97.76,2.94,19312.25,22.65
Tarrant,SH0183 R,92.68,99.3,3.2,62017.07,1167.48
Tarrant,SH0183 X,67.81,89.99,2.33,3024.43,342.86
Tarrant,SH0199 A,81.45,88.9,2.74,1928.15,2880.05
Tarrant,SH0199 L,90.18,93.97,3.48,16329.42,5390.63
Tarrant,SH0199 R,83.27,89.53,3.4,16802.8,3801.49
Tarrant,SH0199 X,82.51,87.99,3.24,3270.16,4041.24
Tarrant,SH0360 A,84.21,92.29,3.03,1934.21,159.39
Tarrant,SH0360 K,100.0,100.0,4.56,9539.0,698.0
Tarrant,SH0360 L,73.18,99.16,2.63,26245.38,266.8
Tarrant,SH0360 R,85.34,94.64,3.27,24626.08,228.25
Tarrant,SH0360 X,64.92,99.4,2.32,1949.98,156.16
Tarrant,SL0344 K,95.0,100.0,2.6,4846.0,0.0
Tarrant,SS0097 L,51.15,98.0,1.79,38022.85,34.42
Tarrant,SS0097 R,50.45,99.5,1.74,38022.85,34.42
Tarrant,SS0280 L,16.67,76.67,1.27,18166.67,0.0
Tarrant,SS0280 R,16.88,73.81,1.13,18107.7,0.0
Tarrant,SS0303 K,79.67,100.0,2.83,11813.67,
Tarrant,SS0303 L,86.8,93.11,3.15,14173.75,108.16
Tarrant,SS0303 R,73.77,88.74,2.96,14218.68,113.5
Tarrant,SS0341 L,47.09,81.82,2.47,11960.91,0.0
Tarrant,SS0341 R,63.7,80.72,2.81,10897.44,20.47
Tarrant,SS0347 L,21.08,69.12,1.75,19935.49,18.58
Tarrant,SS0347 R,22.07,72.92,1.36,20012.26,12.52
Tarrant,SS0465 L,9.95,88.4,0.91,13045.51,0.0
Tarrant,SS0465 R,12.53,92.1,1.04,13037.58,0.0
Tarrant,SS0474 K,78.97,100.0,2.82,9908.92,
Tarrant,SS0580 L,99.9,100.0,2.8,2999.21,0.0
Tarrant,US0081 A,54.33,54.33,3.01,88.22,
Tarrant,US0081 L,65.95,79.83,3.08,9453.97,4423.24
Tarrant,US0081 R,54.85,65.91,2.95,9453.97,4423.24
Tarrant,US0081 X,99.57,100.0,3.13,1108.53,448.53
Tarrant,US0287 A,71.78,87.6,2.51,3664.88,2650.37
Tarrant,US0287 L,74.08,80.19,3.18,23518.88,2414.97
Tarrant,US0287 R,72.24,86.02,2.84,23270.98,2429.71
Tarrant,US0287 X,74.71,92.34,2.4,3540.52,3033.65
Tarrant,US0377 K,78.96,94.82,3.03,29247.76,1618.68
Tarrant,US0377 L,65.74,91.91,2.62,14479.77,1676.38
Tarrant,US0377 R,71.54,93.42,2.72,14344.43,1663.16
Taylor,BI0020RK,2.86,52.57,1.02,13363.5,190.74
Taylor,BI0020RR,31.5,69.0,2.24,10328.5,121.5
Taylor,FM0089 K,28.58,100.0,1.86,31068.98,202.16
Taylor,FM1750 K,23.51,100.0,1.73,5336.85,4.01
Taylor,FM3438 K,84.0,100.0,2.89,6116.0,28112.0
Taylor,IH0020 L,100.0,100.0,3.76,11219.0,1672.0
Taylor,IH0020 R,100.0,100.0,3.85,12575.88,1180.45
Taylor,SH0351 R,31.0,100.0,1.94,14010.0,
Taylor,US0083 L,89.26,89.29,3.81,14051.96,771.22
Taylor,US0083 R,93.89,94.05,3.95,13803.3,820.72
Titus,BU0271EK,68.12,96.82,2.79,16773.65,731.4
Titus,BU0271EL,83.76,100.0,3.36,8249.07,146.92
Titus,FM0021 K,100.0,100.0,2.99,1287.13,5372.91
Titus,FM0127 K,100.0,100.0,3.75,3707.0,133.0
Titus,FM0899 K,0.0,0.0,2.0,3200.0,
Titus,FM1402 K,58.44,99.89,2.49,4681.0,1251.89
Titus,FM4000 K,100.0,100.0,3.35,3000.0,1284.75
Titus,SH0049 K,14.01,93.81,1.01,15605.25,0.1
Titus,SH0049 L,3.95,39.95,1.24,7717.39,799.27
Titus,SH0049 R,10.61,85.2,1.35,8265.6,805.97
Titus,SS0134 K,0.0,0.01,1.79,1714.28,0.0
Titus,SS0185 K,47.08,98.38,1.66,1330.85,28.31
Titus,US0067 K,45.89,80.45,2.48,8521.76,4295.99
Titus,US0271 A,100.0,100.0,3.85,499.0,1442.71
Titus,US0271 L,87.98,93.02,3.68,6709.61,1680.14
Titus,US0271 R,90.44,96.37,3.67,6508.48,1694.58
Titus,US0271 X,88.78,97.13,3.52,2035.96,1370.36
Tom Green,US0067 A,100.0,100.0,3.81,12300.78,168.11
Travis,FM0969 K,74.2,90.2,2.93,37376.4,250.0
Travis,IH0035 L,99.86,100.0,3.77,72449.24,829.91
Travis,IH0035 R,98.81,99.45,3.52,73486.0,839.9
Travis,RM0620 L,100.0,100.0,3.27,16999.5,708.0
Travis,RM0620 R,92.0,100.0,3.11,16999.5,708.0
Travis,SH0045 L,98.84,99.67,4.0,6789.95,169.68
Travis,SH0045 R,76.49,99.82,3.9,5282.19,111.4
Travis,SH0071 L,98.55,99.53,3.74,37018.6,638.91
Travis,SH0071 R,99.74,99.8,3.82,36768.87,644.27
Travis,SH0130 A,97.82,99.15,3.49,2408.38,4836.0
Travis,SH0130 L,90.94,96.89,3.79,12140.62,2311.42
Travis,SH0130 R,91.2,96.25,3.86,12125.05,2262.93
Travis,SH0130 X,98.48,99.04,3.35,2230.52,5385.95
Travis,SH0165 K,,100.0,0.19,2052.0,218904.0
Travis,SL0001 L,99.02,99.39,3.83,31304.91,5786.54
Travis,SL0001 R,52.53,99.99,2.04,29121.16,258.01
Travis,SL0360 L,100.0,100.0,3.33,42364.93,498.0
Travis,SL0360 R,84.0,100.0,2.9,47801.0,
Travis,US0183 A,90.13,94.47,3.27,7765.87,99.28
Travis,US0183 L,92.72,95.54,3.5,54012.22,523.77
Travis,US0183 R,93.65,95.82,3.57,54757.49,515.34
Travis,US0183 X,92.92,99.38,3.25,8402.89,64.06
Travis,US0290 L,95.38,98.44,3.68,36302.68,457.9
Travis,US0290 R,91.23,97.96,3.53,36410.33,457.86
Trinity,SH0019 K,100.0,100.0,3.39,8610.43,3979.61
Trinity,SH0094 K,100.0,100.0,3.8,3221.0,223.0
Tyler,RE0255 K,,,3.2,568.0,0.0
Tyler,US0069 K,47.25,50.0,3.2,6300.0,949.0
Upshur,FM1844 K,10.25,100.0,1.31,4102.62,474.06
Upshur,SH0155 K,92.0,100.0,3.04,6826.0,478.0
Upshur,SH0155 L,86.51,100.0,2.95,3735.35,140.17
Upshur,SH0300 K,38.66,60.56,2.56,8773.22,1829.87
Upshur,US0080 K,27.83,39.33,2.68,8433.33,3410.2
Upshur,US0259 K,75.1,100.0,2.9,12697.1,1309.3
Upshur,US0259 R,0.0,100.0,0.0,5350.0,4.0
Upshur,US0271 K,98.56,99.86,3.98,21781.25,4325.89
Upshur,US0271 L,99.24,99.24,3.96,7531.75,4122.34
Uvalde,SH0127 K,41.25,100.0,1.68,1191.75,1135.0
Val Verde,SS0297 L,0.0,100.0,0.0,5977.47,164.99
Val Verde,SS0297 R,4.17,83.33,0.78,5972.9,137.47
Val Verde,UP0277 K,1.0,99.0,0.02,6762.0,11.0
Val Verde,US0090 K,73.61,99.18,2.75,25860.94,2550.78
Val Verde,US0277 L,24.95,93.23,1.51,8920.27,953.97
Val Verde,US0277 R,5.22,78.76,0.63,8190.16,1529.68
Van Zandt,IH0020 L,94.54,94.55,4.6,18604.42,2662.71
Van Zandt,IH0020 R,90.26,90.33,4.32,18509.96,2675.35
Van Zandt,IH0020 X,100.0,100.0,3.68,183.33,3535.23
Van Zandt,SH0019 K,72.35,91.22,3.07,12994.59,5332.67
Van Zandt,SH0110 K,2.25,91.5,0.3,3960.5,77.25
Victoria,BU0077SK,100.0,100.0,2.9,1839.0,
Victoria,FM0616 K,53.0,100.0,1.9,1050.0,7.0
Victoria,SL0175 A,0.0,100.0,0.0,72.0,0.0
Victoria,SL0175 X,0.0,100.0,0.0,58.0,0.0
Victoria,US0059 A,6.58,68.55,1.11,1405.01,1406.61
Victoria,US0059 R,27.25,32.67,3.01,7933.33,
Victoria,US0059 X,19.07,67.94,1.37,883.96,1840.47
Victoria,US0077 K,96.4,96.4,3.83,11242.99,10813.23
Victoria,US0077 L,100.0,100.0,4.1,8348.0,84.0
Victoria,US0077 R,100.0,100.0,4.2,8348.0,84.0
Victoria,US0087 K,53.47,100.0,2.39,14163.09,778.48
Walker,FM1374 K,65.0,100.0,2.6,3242.5,37.0
Walker,FM1375 K,50.0,100.0,2.23,6157.0,3999.5
Walker,IH0045 A,84.07,91.08,2.62,82.27,303.23
Walker,IH0045 L,99.17,99.17,4.15,24127.45,912.16
Walker,IH0045 R,99.01,99.33,4.09,24219.44,857.67
Walker,IH0045 X,97.41,100.0,3.41,1477.87,1376.84
Walker,PR0040 K,100.0,100.0,3.03,1800.0,8.0
Walker,SH0019 L,100.0,100.0,4.34,6072.0,5409.5
Walker,SH0019 R,95.0,95.0,4.33,6130.33,4597.0
Walker,SH0030 A,72.0,100.0,2.21,1039.0,215.0
Walker,SH0030 L,99.61,100.0,3.56,6838.71,1012.49
Walker,SH0030 R,99.07,100.0,3.51,6838.71,1012.49
Walker,SH0150 K,87.76,94.98,3.31,3366.07,30.15
Walker,US0190 K,45.58,100.0,2.25,24325.81,448.75
Waller,FM0359 K,89.72,100.0,3.28,4061.67,0.27
Waller,FM0359 L,98.23,99.98,3.61,1660.81,308.48
Waller,FM0359 R,94.01,100.0,3.49,1661.91,312.2
Waller,FM0529 K,100.0,100.0,2.89,1477.13,49.1
Waller,FM1098 K,45.53,90.0,2.32,9415.59,380.28
Waller,FM1774 K,100.0,100.0,4.48,7382.07,
Waller,IH0010 A,91.53,95.16,3.11,275.6,448.41
Waller,IH0010 L,95.85,96.76,3.75,25541.48,696.14
Waller,IH0010 R,97.4,98.52,3.68,26248.04,726.86
Waller,IH0010 X,80.19,83.81,3.01,748.42,317.69
Waller,SH0006 K,83.64,99.53,3.04,20639.54,135.32
Waller,SH0006 L,66.67,66.67,3.47,8550.0,14.5
Waller,SH0006 R,66.67,66.67,3.83,8550.0,14.5
Waller,SH0159 K,0.0,100.0,0.42,4004.11,713.13
Waller,US0290 A,98.99,98.99,3.75,1864.6,1376.8
Waller,US0290 L,97.56,97.64,3.99,18528.23,1043.19
Waller,US0290 R,95.56,95.7,3.93,18280.56,1029.06
Waller,US0290 X,87.51,87.51,3.62,1106.83,1492.06
Washington,BS0036JK,30.5,100.0,1.92,16325.5,14.0
Washington,BU0290FL,95.0,100.0,2.6,1498.0,
Washington,BU0290FR,68.83,100.0,2.09,1432.39,14.0
Washington,FM0577 K,35.83,100.0,2.03,5796.46,831.54
Washington,FM0912 K,38.31,48.89,1.91,294.29,800.19
Washington,FM1155 K,37.51,52.06,2.15,977.14,1745.44
Washington,SH0036 A,88.15,100.0,2.14,297.46,312.91
Washington,SH0036 K,80.95,100.0,3.52,14212.9,345.95
Washington,SH0036 R,100.0,100.0,4.02,6829.17,806.13
Washington,SH0036 X,97.61,100.0,3.14,224.91,396.01
Washington,US0290 A,38.0,100.0,2.1,8248.0,163.0
Washington,US0290 L,86.93,88.4,3.37,11024.78,2295.87
Washington,US0290 R,91.14,92.92,3.39,11103.9,2269.42
Webb,BI0035AL,50.5,100.0,1.7,4918.33,
Webb,BU0059ZL,42.21,96.8,2.18,17147.0,0.0
Webb,BU0059ZR,41.38,89.24,2.0,17167.57,0.0
Webb,FM1472 A,59.58,89.67,1.77,892.72,79.91
Webb,FM1472 K,86.8,90.0,3.45,9860.0,24.7
Webb,FM1472 L,79.41,92.91,3.15,15646.06,203.03
Webb,FM1472 R,67.13,96.1,2.81,15912.13,222.0
Webb,FM1472 X,58.63,97.49,1.69,899.62,82.83
Webb,IH0035 A,67.57,82.76,2.82,1720.34,1762.72
Webb,IH0035 L,60.57,80.99,2.96,20000.21,1020.9
Webb,IH0035 R,68.41,85.35,3.05,19174.01,976.33
Webb,IH0035 X,77.01,94.4,2.75,4752.24,1279.11
Webb,IH0069WA,99.71,99.71,4.18,7642.19,0.0
Webb,IH0069WL,96.37,99.34,4.15,11471.18,0.0
Webb,IH0069WR,97.16,97.16,4.25,11473.41,0.0
Webb,IH0069WX,99.65,99.65,4.06,6108.73,0.0
Webb,SH0044 K,18.5,57.5,1.45,1657.5,
Webb,SH0255 L,25.0,100.0,1.3,1436.85,0.0
Webb,SL0020 A,74.76,88.64,2.83,2433.27,0.0
Webb,SL0020 L,81.61,86.02,3.26,12752.58,0.0
Webb,SL0020 R,78.07,85.69,3.05,12730.58,0.0
Webb,SL0020 X,81.95,91.95,3.18,705.19,0.0
Webb,SS0259 K,0.0,92.0,0.0,36373.0,
Webb,SS0259 L,22.12,92.6,1.43,9753.21,0.0
Webb,SS0259 R,2.21,52.9,0.75,9383.64,0.0
Webb,US0059 A,32.0,100.0,1.95,5902.5,0.0
Webb,US0059 L,98.27,98.27,3.91,21409.57,1.71
Webb,US0059 R,84.1,97.8,3.35,21452.67,1.71
Webb,US0059 X,55.67,99.33,2.45,7202.67,0.0
Webb,US0083 L,31.9,70.72,2.14,19199.43,257.96
Webb,US0083 R,63.0,100.0,2.57,18584.0,228.0
Wharton,US0059 A,0.0,81.71,0.0,3.76,83.59
Wharton,US0059 L,71.78,82.53,3.14,7873.26,293.76
Wharton,US0059 R,72.42,82.86,3.26,7840.58,302.73
Wheeler,IH0040 A,46.48,47.88,2.57,286.55,334.33
Wheeler,IH0040 L,93.84,94.2,4.06,6279.56,321.02
Wheeler,IH0040 R,92.71,93.6,4.0,6286.64,349.89
Wichita,BU0277AR,4.0,40.98,1.27,4591.81,206.5
Wichita,BU0287JK,14.4,62.22,1.39,10048.78,58.84
Wichita,FM0171 K,12.32,82.42,0.66,4572.61,3.55
Wichita,FM0369 A,3.5,6.5,1.95,2.0,118.0
Wichita,FM0369 L,58.87,94.61,2.39,7257.53,316.22
Wichita,FM0369 R,41.7,96.82,2.0,7077.56,320.83
Wichita,FM0369 X,5.5,55.5,1.6,2.0,118.0
Wichita,FM0890 K,55.0,100.0,1.94,3825.0,17.0
Wichita,FM2380 K,59.25,100.0,2.5,3921.0,4.0
Wichita,FM3492 L,64.5,100.0,2.1,585.0,177.0
Wichita,FM3492 R,31.0,81.0,1.65,585.0,177.0
Wichita,IH0044 A,71.34,80.82,2.52,723.75,1543.45
Wichita,IH0044 L,40.53,52.51,2.79,20931.33,1386.0
Wichita,IH0044 R,62.52,71.93,3.14,20739.04,1648.19
Wichita,IH0044 X,55.6,71.15,2.28,891.98,1492.06
Wichita,SH0079 K,29.57,83.38,1.93,11706.67,691.0
Wichita,SH0079 L,33.61,77.94,1.88,7057.73,6196.56
Wichita,SH0079 R,25.39,41.4,2.41,7140.25,6196.56
Wichita,SH0079 X,92.0,100.0,2.58,384.5,234.0
Wichita,SH0240 L,36.16,65.97,1.97,3283.66,219.54
Wichita,SH0240 R,32.22,55.38,2.02,3283.66,224.2
Wichita,SS0325 L,19.12,41.75,1.98,11828.75,0.0
Wichita,SS0325 R,37.61,65.0,2.54,10331.94,0.0
Wichita,SS0447 L,73.89,91.32,2.4,3377.64,164.62
Wichita,SS0447 R,84.35,90.38,2.7,3247.92,181.63
Wichita,US0082 A,55.95,91.43,2.25,3961.94,928.64
Wichita,US0082 L,65.76,80.91,2.73,15594.3,1548.26
Wichita,US0082 R,62.91,77.19,2.64,14860.94,1723.84
Wichita,US0082 X,48.32,87.42,2.2,7235.16,918.32
Wichita,US0277 A,2.43,15.11,1.24,5537.98,275.05
Wichita,US0277 K,31.88,67.25,1.61,5975.0,1035.86
Wichita,US0277 L,61.04,93.03,2.34,25371.37,324.24
Wichita,US0277 R,53.93,90.44,2.25,25698.97,324.3
Wichita,US0277 X,3.59,9.74,1.37,6492.35,288.93
Wichita,US0281 A,24.47,40.95,1.75,2313.1,2670.11
Wichita,US0281 L,83.32,91.27,3.41,8522.1,464.66
Wichita,US0281 R,96.14,96.42,3.95,8524.3,465.68
Wichita,US0281 X,29.78,44.04,2.24,2765.76,3268.86
Wichita,US0287 L,72.7,78.19,3.6,6808.01,1381.95
Wichita,US0287 R,75.24,81.02,3.65,6801.12,1280.92
Wilbarger,BU0287FL,56.14,66.33,2.68,960.23,424.5
Wilbarger,BU0287FR,55.3,58.04,2.84,907.77,427.26
Wilbarger,SL0488 K,28.0,89.16,1.17,2369.97,0.0
Wilbarger,US0070 A,88.14,92.15,3.19,1538.22,684.67
Wilbarger,US0070 K,60.04,68.16,3.57,4696.04,68.73
Wilbarger,US0070 L,79.89,85.36,3.22,6046.08,668.77
Wilbarger,US0070 R,78.6,88.08,3.01,6304.66,761.96
Wilbarger,US0070 X,88.7,92.04,3.16,1256.56,679.84
Wilbarger,US0183 K,5.75,26.25,1.27,6300.0,0.0
Wilbarger,US0283 K,,,2.7,2063.52,968.93
Wilbarger,US0287 A,51.31,67.6,2.01,376.45,510.06
Wilbarger,US0287 L,76.75,82.19,3.6,6062.1,641.74
Wilbarger,US0287 R,79.19,83.35,3.8,5749.02,568.42
Wilbarger,US0287 X,21.39,38.13,2.04,401.32,503.45
Williamson,IH0035 A,78.36,78.36,2.84,889.42,1482.75
Williamson,IH0035 X,31.0,58.0,1.9,2957.0,3904.0
Williamson,SH0045 A,73.52,100.0,2.93,9451.97,6062.93
Williamson,SH0045 L,99.9,99.9,3.78,17052.61,1091.91
Williamson,SH0045 R,99.48,99.88,3.61,17048.85,1092.16
Williamson,SH0045 X,99.6,100.0,3.5,15430.41,2392.0
Williamson,SH0130 A,97.08,97.08,3.5,2242.85,6308.54
Williamson,SH0130 L,99.29,99.75,3.35,5368.07,111.78
Williamson,SH0130 R,99.77,99.77,3.45,5369.21,111.83
Williamson,SH0130 X,100.0,100.0,3.84,2366.04,7145.23
Williamson,SL0001 L,99.65,99.98,3.32,25464.89,0.0
Williamson,SL0001 R,99.95,99.99,3.67,25464.96,0.0
Williamson,US0183 L,88.03,98.85,3.35,52635.87,256.73
Williamson,US0183 R,76.23,97.94,3.05,53038.68,260.54
Wise,BU0081DK,49.8,50.2,2.5,2900.0,1901.4
Wise,BU0380FK,78.49,100.0,2.85,6210.0,1333.34
Wise,SH0101 K,62.73,91.35,2.56,9508.08,1097.99
Wise,SH0101 L,81.61,83.29,3.41,5860.67,540.5
Wise,SH0101 R,96.19,98.42,3.58,5896.07,561.59
Wise,SH0114 K,73.33,83.28,3.1,9055.1,4298.9
Wise,SH0114 L,87.71,89.49,3.97,8427.89,461.87
Wise,SH0114 R,88.8,91.91,3.69,8492.79,432.84
Wise,SL0373 K,1.0,91.67,0.1,4493.0,7.5
Wise,US0081 A,12.2,60.0,1.02,54.0,346.6
Wise,US0081 L,78.17,82.18,3.43,11073.01,1235.86
Wise,US0081 R,74.92,76.35,3.45,11105.35,1528.56
Wise,US0081 X,53.8,74.35,2.1,1172.24,1497.74
Wise,US0380 K,60.76,80.0,2.79,9419.05,90.41
Wise,US0380 L,84.78,94.64,3.58,7275.58,836.47
Wise,US0380 R,89.71,97.33,3.48,7544.21,889.02
Wood,SH0154 K,,,3.16,3758.0,5.0
Yoakum,FM2055 K,75.0,100.0,2.57,2373.0,111.33
